query,intent,clicks,impressions,ctr,position
vakil,Action,53,39741,0.13336352884929922,4.010694245237915
legal notice,Unclassified,26,5815,0.4471195184866724,8.307652622527945
356 bns,Awareness,3,3244,0.09247842170160296,5.05826140567201
legal notice for recovery of money,Unclassified,92,3019,3.04736667770785,3.7505796621397813
defamation section in bns,Awareness,11,2520,0.4365079365079365,3.0126984126984127
defamation in bns,Awareness,12,1849,0.6489994591671173,2.9637641968631696
section 356 bns,Awareness,5,1547,0.3232062055591467,4.595992243051066
legal notice format for recovery of money,Decision,32,1170,2.735042735042735,6.260683760683761
bns 356,Awareness,1,1150,0.08695652173913043,4.205217391304348
legal notice format,Decision,16,1023,1.5640273704789833,9.963831867057673
virtual vakil,Action,2,885,0.22598870056497175,6.248587570621469
legal notice by advocate,Action,18,843,2.135231316725979,4.773428232502965
vakil vakil,Action,2,804,0.24875621890547264,3.1691542288557213
defamation under bns,Awareness,13,743,1.7496635262449527,3.3956931359353972
356 bns in hindi,Awareness,1,728,0.13736263736263737,9.093406593406593
send legal notice online,Action,129,726,17.768595041322314,1.9132231404958677
bns 356 section,Awareness,2,631,0.31695721077654515,3.4072900158478605
vakil advocate,Action,2,581,0.34423407917383825,3.946643717728055
legal notice charges,Action,30,484,6.198347107438017,3.2355371900826446
criminal defamation in bns,Awareness,6,446,1.345291479820628,2.2757847533632285
bns section 356,Awareness,2,408,0.49019607843137253,4.355392156862745
send legal notice,Action,50,401,12.468827930174564,3.5386533665835413
defamation bns,Awareness,0,400,0,2.9299999999999997
how to send legal notice,Action,9,392,2.295918367346939,4.8061224489795915
legal notice online,Action,86,390,22.05128205128205,1.6102564102564103
virtualvakil,Unclassified,1,317,0.31545741324921134,6.195583596214511
bns defamation section,Awareness,0,314,0,3.624203821656051
online vakil,Action,2,311,0.6430868167202572,5.469453376205788
online legal notice,Action,50,297,16.835016835016837,1.4343434343434343
sec 356 bns,Awareness,2,283,0.7067137809187279,4.335689045936396
legal notice for recovery of money format,Decision,17,279,6.093189964157706,5.702508960573477
vakiltech,Decision,200,275,72.72727272727273,1.3927272727272726
send legal notice online free,Action,39,262,14.885496183206106,2.8664122137404577
vakil pro,Action,6,260,2.307692307692308,8.669230769230769
defamation bns section,Awareness,0,255,0,4.117647058823529
manhani case,Unclassified,0,250,0,1
how to send legal notice to someone,Action,3,247,1.214574898785425,6.093117408906883
how to send a legal notice,Action,4,237,1.6877637130801686,8.421940928270043
vakil lawyer,Action,1,236,0.423728813559322,4.148305084745763
356 bns is cognizable or not,Awareness,1,234,0.4273504273504274,2.3461538461538463
advocate notice,Action,0,229,0,6.6943231441048034
recovery notice,Unclassified,2,220,0.9090909090909091,3.8636363636363638
legal notice for money recovery,Unclassified,6,217,2.7649769585253456,2.986175115207373
criminal defamation bns,Awareness,1,215,0.46511627906976744,4.413953488372093
lawyer notice,Action,0,213,0,7.464788732394366
356 2 bns in hindi,Awareness,0,208,0,9.360576923076923
vakil online,Action,6,195,3.076923076923077,6.728205128205128
cheque bounce legal notice,Unclassified,2,185,1.0810810810810811,6.064864864864865
356bns,Unclassified,0,185,0,5
legal notice draft,Action,4,179,2.2346368715083798,8.949720670391063
defamation in bns section,Awareness,0,177,0,3.598870056497175
online notice,Action,5,176,2.840909090909091,4.409090909090909
section 356 of bns,Awareness,0,174,0,4.810344827586206
how to send a legal notice to someone,Action,3,173,1.7341040462427744,6.8497109826589595
vakil notice,Action,0,168,0,5.0773809523809526
cheque bounce legal notice format,Decision,6,167,3.592814371257485,6.508982035928144
bharatiya nyaya sanhita 2023 defamation section number,Unclassified,0,166,0,9.734939759036145
legal notice charges for recovery of money,Action,9,162,5.555555555555555,2.364197530864198
legal advice,Unclassified,0,157,0,4.1847133757961785
how to send a legal notice to a company,Action,5,155,3.225806451612903,4.780645161290323
online lawyer consultation,Action,0,154,0,6.305194805194805
advocate legal notice,Action,1,152,0.6578947368421052,4.039473684210526
cost of sending legal notice through lawyer in india,Action,0,151,0,5.549668874172186
vakil court,Action,0,151,0,7.403973509933775
legal notice for recovery of money word format,Decision,9,147,6.122448979591836,4.3061224489795915
defamation notice,Unclassified,3,147,2.0408163265306123,3.6802721088435373
356 bns bailable or not,Awareness,5,146,3.4246575342465753,4.2534246575342465
356 of bns,Awareness,0,146,0,4.732876712328768
bharatiya nyaya sanhita defamation section number,Unclassified,0,145,0,6.937931034482759
lawyer vakil,Action,0,145,0,5.813793103448276
356(2) bns in hindi,Awareness,0,144,0,9.152777777777779
legal notice service,Action,9,134,6.7164179104477615,21.925373134328357
legal notice for cheque bounce,Unclassified,2,134,1.4925373134328357,5.119402985074627
vakil tech,Action,85,132,64.39393939393939,1.0075757575757576
cheque bounce notice,Unclassified,2,132,1.5151515151515151,15.772727272727273
demand notice for recovery of money,Unclassified,2,132,1.5151515151515151,2.4242424242424243
money recovery legal notice,Unclassified,5,130,3.8461538461538463,4.353846153846154
online vakil consultation,Action,0,129,0,2.9069767441860463
legal notice for defective goods,Unclassified,17,128,13.28125,2.8984375
356 2 bns,Awareness,0,127,0,4.433070866141732
vakil contact number,Action,0,126,0,7.595238095238095
how much does it cost to send a legal notice,Action,9,124,7.258064516129033,3.0080645161290325
notice for recovery of money,Unclassified,3,124,2.4193548387096775,4.129032258064516
356(2) bns,Awareness,0,123,0,8.617886178861788
legal notice cost,Action,11,122,9.01639344262295,2.663934426229508
defamation ipc,Awareness,0,121,0,1
legal notice for not returning money,Unclassified,1,120,0.8333333333333334,2.791666666666667
legal notice for defamation,Unclassified,2,116,1.7241379310344827,6.474137931034483
online legal notice for recovery of money,Action,13,113,11.504424778761061,4.451327433628318
legal notice under section 138,Awareness,1,113,0.8849557522123894,7.938053097345133
section 356 bns in hindi,Awareness,0,113,0,9.47787610619469
do i need a lawyer to send a legal notice,Action,0,112,0,8.9375
success rate of legal notice in consumer disputes india,Unclassified,0,112,0,3.3839285714285716
quick vakil,Action,0,110,0,5.8090909090909095
legal notice fees,Action,4,109,3.669724770642202,2.577981651376147
bns section for defamation,Awareness,0,107,0,6.224299065420561
cost of sending legal notice in india,Action,0,107,0,4.093457943925234
cheque bounce notice period,Unclassified,1,105,0.9523809523809524,9.142857142857142
send a legal notice,Action,15,104,14.423076923076922,2.1153846153846154
how to check legal notice online,Action,3,104,2.8846153846153846,7.759615384615385
legal notice for breach of contract,Unclassified,0,99,0,5.898989898989899
legal notices,Unclassified,1,98,1.0204081632653061,10.408163265306122
how to send a legal notice without a lawyer,Action,0,98,0,13.846938775510203
legal notice india,Unclassified,6,96,6.25,5.333333333333333
356 bns punishment,Awareness,1,96,1.0416666666666665,5.510416666666667
bharatiya nyaya sanhita defamation section,Unclassified,0,93,0,7.419354838709677
vakil fees,Action,0,93,0,2.4731182795698925
legal notice for loan recovery,Unclassified,0,92,0,1.5978260869565217
money recovery notice,Unclassified,2,90,2.2222222222222223,4.477777777777778
bns ki dhara 356 kya hai,Awareness,1,90,1.1111111111111112,6.122222222222222
vakeel notice,Unclassified,0,87,0,3.0919540229885056
vakilsearch legal notice cost,Action,0,87,0,5.149425287356322
lawyer fees for legal notice,Action,7,86,8.13953488372093,1.5697674418604652
defamation under bns 2023,Awareness,4,86,4.651162790697675,2.953488372093023
bns 356(2),Awareness,0,86,0,4.593023255813954
legal notice fees in india,Action,5,85,5.88235294117647,2.2588235294117647
defamation section bns,Awareness,0,85,0,3.152941176470588
fssai registration online,Action,0,85,0,46.83529411764706
payment recovery notice,Unclassified,1,84,1.1904761904761905,2.607142857142857
bns ki dhara 356,Awareness,0,84,0,7.107142857142857
legal notice price,Action,4,83,4.819277108433735,2.759036144578313
how to send legal notice to company,Action,2,83,2.4096385542168677,6.253012048192771
effectiveness of legal notice in consumer disputes india settlement rate,Unclassified,0,82,0,4.731707317073171
advocate vakil,Action,0,81,0,6.185185185185185
format of legal notice for recovery of money,Decision,4,80,5.0,5.2375
cheque bounce notice format,Decision,2,79,2.5316455696202533,9.924050632911392
send a legal notice online,Action,15,78,19.230769230769234,1.3974358974358974
recovery notice format,Decision,4,78,5.128205128205128,5.230769230769231
138 notice format,Decision,1,78,1.282051282051282,6.897435897435898
legal notice sample,Decision,1,78,1.282051282051282,10.91025641025641
मानहानि की धारा bns,Awareness,0,78,0,7.897435897435898
draft legal notice for recovery of money,Action,5,77,6.493506493506493,4.883116883116883
legal notice for non payment of dues,Unclassified,0,77,0,3.6233766233766236
how much lawyer charge for sending legal notice,Action,5,76,6.578947368421052,2.3815789473684212
section 356 bns punishment,Awareness,1,76,1.3157894736842104,5.631578947368421
defamation bns section 356,Awareness,0,76,0,4.421052631578947
legal notice advocate fees,Action,4,75,5.333333333333334,1.9333333333333333
court vakil,Action,0,75,0,4.4399999999999995
manhani bns ki dhara,Awareness,0,75,0,7.653333333333333
section 356,Awareness,0,74,0,6.918918918918919
vakkil notice,Unclassified,0,74,0,1.689189189189189
online legal notice service,Action,14,73,19.17808219178082,1.6575342465753424
cost of legal notice in india,Action,3,73,4.10958904109589,4.219178082191781
bharatiya nyaya sanhita 2023 section 356 defamation,Awareness,0,73,0,8.26027397260274
ligal notice,Unclassified,0,73,0,8.191780821917808
vakil ka number,Action,0,73,0,2.904109589041096
section 356 bns is bailable or not,Awareness,1,72,1.3888888888888888,3.0555555555555554
legal notice from advocate,Action,0,72,0,6.027777777777778
criminal defamation under bns,Awareness,0,71,0,3.3661971830985915
cost of legal notice by labour lawyer in india,Action,0,70,0,7.414285714285715
pleader notice,Unclassified,0,70,0,9.785714285714286
recqarz legal notice sample,Decision,0,70,0,1.1142857142857143
sec 356 of bns,Awareness,0,70,0,3.0142857142857142
settlement rate after legal notice in consumer disputes india,Unclassified,0,69,0,3.0579710144927534
cost of legal notice from labour lawyer in india,Action,0,68,0,7.382352941176471
legal notice online india,Action,10,67,14.925373134328357,1.208955223880597
legal notice format for consumer complaint,Decision,4,67,5.970149253731343,8.35820895522388
notice for money recovery,Unclassified,1,67,1.4925373134328357,3.7611940298507465
bns 356 defamation,Awareness,0,67,0,5
lawyer notice fees,Action,4,66,6.0606060606060606,1.4848484848484849
section 356(2) bns,Awareness,2,66,3.0303030303030303,7.242424242424242
356 bns in ipc,Awareness,0,66,0,7.287878787878788
356 bns section,Awareness,0,65,0,3.523076923076923
bns dhara 356,Awareness,0,65,0,7.6
loyer vakil,Action,0,65,0,4.830769230769231
legal notice charges in india,Action,3,64,4.6875,2.40625
money recovery notice format,Decision,3,64,4.6875,4.359375
percentage of consumer cases settled after legal notice india,Unclassified,0,64,0,1.921875
punishment for defamation under bns section,Awareness,0,64,0,4.25
legal draft bundle free download pdf,Action,6,63,9.523809523809524,9.095238095238095
138 legal notice format,Decision,2,63,3.1746031746031744,5.936507936507937
how much does it cost to send a legal notice in india,Action,1,63,1.5873015873015872,2.1904761904761907
bns section 356 punishment,Awareness,0,63,0,6.2063492063492065
cost of legal notice in india for consumer dispute,Action,0,63,0,4.396825396825397
defamation case bns section,Awareness,0,63,0,3.9523809523809526
legal notice for non payment,Unclassified,0,63,0,6.0476190476190474
defamation legal notice,Unclassified,3,62,4.838709677419355,4.467741935483871
356 1 bns in hindi,Awareness,1,62,1.6129032258064515,8.838709677419356
recovery money legal notice format,Decision,1,62,1.6129032258064515,6.016129032258065
bns defamation,Awareness,0,62,0,4.596774193548387
online ca for itr filing,Action,0,62,0,8.225806451612904
bns section 356 defamation,Awareness,0,60,0,5.866666666666666
money recovery suit,Unclassified,0,60,0,1.2333333333333334
section for defamation in bns,Awareness,0,60,0,4.116666666666667
legal notice format in tamil,Decision,3,59,5.084745762711865,6.271186440677966
cost of legal notice,Action,1,59,1.694915254237288,2.5593220338983054
is legal notice mandatory in consumer cases,Unclassified,1,59,1.694915254237288,6.915254237288136
legal message for recovery of money,Unclassified,1,59,1.694915254237288,1.2372881355932204
defamation notice meaning,Awareness,0,59,0,1.0508474576271187
legal expert,Unclassified,0,59,0,13.627118644067796
vakil number,Action,0,59,0,4.491525423728813
how much advocate charge for legal notice,Action,0,58,0,1.706896551724138
settlement rate after legal notice consumer cases india,Unclassified,0,58,0,2.810344827586207
legal draft bundle free download,Action,2,57,3.508771929824561,8.491228070175438
legal notice for money recovery format,Decision,4,56,7.142857142857142,4.303571428571429
advocate consultation fees,Action,0,56,0,11.517857142857142
bns sec 356,Awareness,0,56,0,2.607142857142857
legal notice from lawyer,Action,0,56,0,5.035714285714286
settlement rate after legal notice consumer disputes india,Unclassified,0,56,0,2.892857142857143
success rate of legal notice in consumer cases india,Unclassified,0,56,0,3.857142857142857
vakil vakil vakil,Action,0,56,0,7.982142857142857
legal notice for recovery of money under which section,Decision,4,55,7.2727272727272725,3.272727272727273
how to send legal notice through consumer court,Action,1,55,1.8181818181818181,7.618181818181818
defamation sec bns,Awareness,0,55,0,2.8909090909090907
how to send a legal notice for recovery of money,Action,0,55,0,2.036363636363636
how to send legal notice online,Action,6,54,11.11111111111111,1.5555555555555556
legal notice for cheque bounce format pdf,Decision,1,54,1.8518518518518516,9.592592592592593
sample legal notice for recovery of money pdf india,Decision,1,54,1.8518518518518516,7.5
vakil case,Action,0,54,0,7.018518518518518
legal drafts bundle,Unclassified,10,53,18.867924528301888,3.849056603773585
cost of sending legal notice,Action,7,53,13.20754716981132,2.188679245283019
advocate notice format,Action,0,53,0,11.735849056603774
bharatiya nyaya sanhita 2023 defamation section,Unclassified,0,53,0,8.660377358490566
bns 356 2,Awareness,0,53,0,5.452830188679245
legal notice format for cheque bounce,Decision,0,53,0,8.226415094339622
legal prior notice,Unclassified,0,53,0,5.490566037735849
court legal notice,Unclassified,1,52,1.9230769230769231,12.673076923076923
sample legal notice for recovery of money in india,Decision,1,52,1.9230769230769231,5.865384615384615
cost of legal notice through lawyer in india,Action,0,52,0,4.903846153846153
legall notice,Unclassified,0,52,0,11
settlement rate after legal notice in consumer cases india,Unclassified,0,52,0,2.1153846153846154
who can send a legal notice,Action,0,52,0,8.76923076923077
legal notice cost in india,Action,1,51,1.9607843137254901,2.8235294117647056
send notice,Action,1,51,1.9607843137254901,9.490196078431373
bharatiya nyaya sanhita section 356 defamation,Awareness,0,51,0,7.019607843137255
can legal notice be sent by speed post,Unclassified,0,51,0,6.196078431372549
cost of legal notice for consumer dispute india,Action,0,51,0,6.215686274509804
deformation section in bns,Awareness,0,51,0,5.607843137254902
draft legal notice,Action,0,51,0,6.705882352941177
how to make legal notice for recovery of money,Awareness,2,50,4.0,3.18
legal notice for mental harassment,Unclassified,1,50,2.0,2.44
percentage of consumer disputes settled after legal notice india,Unclassified,0,50,0,5.8
punishment for defamation in bns,Awareness,0,50,0,8.18
lawyer for legal notice,Action,2,49,4.081632653061225,4.1020408163265305
section 356 1 bns in hindi,Awareness,1,49,2.0408163265306123,8.591836734693878
what is legal notice for money recovery,Awareness,1,49,2.0408163265306123,4.183673469387755
under section 356 bns,Awareness,0,49,0,7.469387755102041
lawyer legal notice,Action,1,48,2.083333333333333,4.729166666666666
legal notice for recovery of money under cpc,Unclassified,1,48,2.083333333333333,1.6666666666666665
356(1) bns in hindi,Awareness,0,48,0,8.979166666666668
section 356 2 bns,Awareness,0,48,0,5.6875
success rate of legal notice in settling consumer disputes india,Unclassified,0,48,0,1.25
vakil india,Action,0,48,0,5.770833333333333
vakil now,Action,0,48,0,6.166666666666667
sample legal notice for recovery of money pdf free download,Action,3,47,6.382978723404255,5.702127659574468
send divorce notice online,Action,3,47,6.382978723404255,3.021276595744681
draft a legal notice for recovery of money,Action,1,47,2.127659574468085,6.361702127659575
[hire attorney online],Action,0,47,0,5.787234042553192
defamation case section bns,Awareness,0,47,0,3.234042553191489
356 bns act,Awareness,1,46,2.1739130434782608,4.217391304347826
consumer legal notice format,Decision,1,46,2.1739130434782608,7.130434782608695
legal notice by advocate for recovery of money,Action,1,46,2.1739130434782608,1.108695652173913
create a legal notice online,Action,0,46,0,8.91304347826087
defamation section in bnss,Unclassified,0,46,0,5.260869565217392
fssai license online apply,Action,0,46,0,43.43478260869565
free legal notice online,Action,4,45,8.88888888888889,4.377777777777778
legal notice for maintenance format,Decision,2,45,4.444444444444445,5.533333333333333
advocate fees for legal notice,Action,1,45,2.2222222222222223,1.6666666666666665
bns me manhani ki dhara,Awareness,0,45,0,7.066666666666666
legal notice reply format in hindi,Decision,0,45,0,9.133333333333333
sending legal notice,Unclassified,5,44,11.363636363636363,4.977272727272727
section of defamation in bns,Awareness,0,44,0,7.659090909090909
cost of sending a legal notice,Action,4,43,9.30232558139535,3.5813953488372094
money recovery legal notice format,Decision,4,43,9.30232558139535,4.1395348837209305
advocate notice fees,Action,1,43,2.3255813953488373,2.7674418604651163
consumer notice format,Decision,1,43,2.3255813953488373,6.790697674418604
how much does a legal notice cost,Action,1,43,2.3255813953488373,2.441860465116279
#legalnotice,Unclassified,0,43,0,6.558139534883721
how to give legal notice,Awareness,0,43,0,4.093023255813954
online legal notice kaise bheje,Action,2,42,4.761904761904762,3.880952380952381
how much lawyers charge for legal notice,Action,1,42,2.380952380952381,2.238095238095238
bank legal notice for recovery of money,Unclassified,0,42,0,3.5476190476190474
cost of online legal notice in india,Action,0,42,0,6.023809523809524
debt recovery legal notice management,Unclassified,0,42,0,27.714285714285715
how to make legal notice,Awareness,0,42,0,15.714285714285714
leagal notice,Unclassified,0,42,0,7.9523809523809526
section 138 ni act legal notice timeline,Awareness,0,42,0,5.595238095238095
what happens after legal notice,Awareness,0,42,0,4.309523809523809
legal notice money recovery,Unclassified,4,41,9.75609756097561,3.8048780487804876
how much does it cost to send legal notice,Action,3,41,7.317073170731707,3.097560975609756
how much lawyer charge to send legal notice,Action,2,41,4.878048780487805,1.1219512195121952
builder not giving amenities as promised,Unclassified,1,41,2.4390243902439024,6.487804878048781
legal notice in india,Awareness,1,41,2.4390243902439024,7.463414634146342
sample legal notice for recovery of money,Decision,1,41,2.4390243902439024,7.926829268292683
legal notice send online,Action,6,40,15.0,1.65
bnss defamation section,Unclassified,1,40,2.5,4.9
how can i send a legal notice to someone,Action,1,40,2.5,5.75
356(2) bns in ipc,Awareness,0,40,0,6.075
check bounce legal notice format,Decision,0,40,0,5.3
cheque bounce memo,Unclassified,0,40,0,5.775
cost of legal notice for consumer dispute in india,Action,0,40,0,6.725
expert vakil (expert_vakil) latest,Action,0,40,0,10.375
how to send legal notice without lawyer,Action,0,40,0,7.425
legal notice advocate,Action,0,40,0,4.575
legal notice for debt recovery,Unclassified,0,40,0,4.575
suit for recovery of money,Unclassified,0,40,0,1.05
who can send legal notice,Action,0,40,0,5.125
fake legal notice for money recovery,Unclassified,3,39,7.6923076923076925,5.564102564102564
what is the cost of sending legal notice,Action,3,39,7.6923076923076925,3.2564102564102564
legal notice recovery of money,Unclassified,1,39,2.564102564102564,3.1538461538461537
notice online,Action,1,39,2.564102564102564,2.1538461538461537
356(1) bns,Awareness,0,39,0,8.564102564102564
contents of legal notice under section 138 ni act,Awareness,0,39,0,9.076923076923077
format of legal notice for defamation,Decision,0,39,0,17.487179487179485
supreme court judgments on money recovery suit,Unclassified,0,39,0,1
charges for legal notice,Action,4,38,10.526315789473683,3.3421052631578947
138 ni act notice format,Decision,1,38,2.631578947368421,7.973684210526316
bns धारा 356 क्या है,Awareness,1,38,2.631578947368421,6.7368421052631575
legal notice for salary recovery,Unclassified,1,38,2.631578947368421,1.4736842105263157
bharatiya nyaya sanhita section for defamation,Unclassified,0,38,0,8.894736842105264
bns dhara 356 in hindi,Awareness,0,38,0,8.236842105263158
bns dhara 356 kya hai,Awareness,0,38,0,6.631578947368421
legal notice loan recovery,Unclassified,0,38,0,3.6842105263157894
under section 356,Awareness,0,38,0,5.131578947368421
legal draft bundle,Action,7,37,18.91891891891892,4.324324324324325
legal notice fee,Action,2,37,5.405405405405405,3.108108108108108
356 2 bns is cognizable or not,Awareness,1,37,2.7027027027027026,6.135135135135135
how to send legal notice to someone for not returning money,Action,1,37,2.7027027027027026,2.135135135135135
sample legal notice,Decision,1,37,2.7027027027027026,8.945945945945946
advocate fees recovery legal notice format india hindi,Action,0,37,0,4.864864864864865
dhara 356 bns in hindi,Awareness,0,37,0,8.891891891891891
how to send court notice to someone,Action,0,37,0,7.243243243243243
nda contract drafting lawyers in kochi,Unclassified,0,37,0,30.216216216216218
notice under consumer protection act,Awareness,0,37,0,8.297297297297298
legal notice draft for recovery of money,Action,1,36,2.7777777777777777,6.25
bns 2023 section 356,Awareness,0,36,0,6.527777777777778
bns section 356 defamation india,Awareness,0,36,0,8.13888888888889
call vakil,Action,0,36,0,3.5555555555555554
debt recovery harsh language final notice india examples,Unclassified,0,36,0,1.1111111111111112
how effective is legal notice for furniture shop refund india,Unclassified,0,36,0,4.555555555555555
myadvo legal notice cost,Action,0,36,0,2.083333333333333
send legal notice online india,Action,5,35,14.285714285714285,1.2285714285714286
356(3) bns,Awareness,0,35,0,8
consumer court notice,Unclassified,0,35,0,5.714285714285714
cost of legal notice by lawyer in india,Action,0,35,0,5.9714285714285715
criminal defamation section in bns india,Awareness,0,35,0,5.542857142857143
defamation case bns,Awareness,0,35,0,2.8
how legal notice is sent,Unclassified,0,35,0,7.114285714285714
vakil logo,Action,0,35,0,8.571428571428571
how much does a lawyer charge to send a legal notice,Action,2,34,5.88235294117647,1.8235294117647058
legal notice for cheque bounce format,Decision,1,34,2.941176470588235,7.294117647058823
legal notice sending,Unclassified,1,34,2.941176470588235,5.323529411764706
legal tech advocates reviews,Decision,1,34,2.941176470588235,7.529411764705882
sample legal notice for cheque bounce,Decision,1,34,2.941176470588235,11.029411764705882
defamation section under bns,Awareness,0,34,0,2.7058823529411766
effectiveness of legal notice in consumer disputes india time frame,Unclassified,0,34,0,8.088235294117647
legal demand notice,Unclassified,0,34,0,7.235294117647059
legal notice format for recovery of money india,Decision,0,34,0,4.5
online lawyers,Action,0,34,0,5.411764705882353
how to send legal notice for payment,Action,3,33,9.090909090909092,5.393939393939394
criminal defamation section in bns,Awareness,1,33,3.0303030303030303,2.878787878787879
sending legal notice cost,Action,1,33,3.0303030303030303,2.0303030303030303
356 1 bns,Awareness,0,33,0,5.393939393939394
legal notice format for money recovery,Decision,0,33,0,5.424242424242424
legal recovery of money in india,Awareness,0,33,0,8.333333333333332
loan recovery notice,Unclassified,0,33,0,6.393939393939394
how to send legal notice to a company,Action,2,32,6.25,5.28125
legal notice format for recovery of money in hindi,Decision,1,32,3.125,8.875
bns 2023 section 356 defamation,Awareness,0,32,0,5.75
bns act 356,Awareness,0,32,0,5.34375
check bounce legal notice,Unclassified,0,32,0,4.5
defamation bnss section,Unclassified,0,32,0,6.40625
is legal notice mandatory in recovery suit,Unclassified,0,32,0,2.53125
legal notice by lawyer,Action,0,32,0,3.40625
section 138 ni act notice period,Awareness,0,32,0,7.09375
who can send legal notice in india,Action,0,32,0,3.8125
send legal notice to company,Action,7,31,22.58064516129032,2.903225806451613
legal notice for non payment of advocate fees,Action,3,31,9.67741935483871,5.645161290322581
defamation notice format,Decision,2,31,6.451612903225806,9.870967741935484
charges for sending legal notice,Action,1,31,3.225806451612903,3.064516129032258
356 bns cognizable or not,Awareness,0,31,0,1.5806451612903225
356 of bns act,Awareness,0,31,0,3.903225806451613
bns 356 kya hai,Awareness,0,31,0,7.870967741935484
bns 356(2) in hindi,Awareness,0,31,0,11.419354838709678
how to draft a legal notice,Action,0,31,0,23.35483870967742
notice for cheque bounce,Unclassified,0,31,0,5.612903225806452
recovery of money legal notice format,Decision,0,31,0,4.419354838709678
vakeel notice in english,Unclassified,0,31,0,3.4193548387096775
vendor agreement drafting in bangalore,Unclassified,0,31,0,5.548387096774194
legal notice lawyer,Action,3,30,10.0,5.7
legal notice lawyer fees,Action,3,30,10.0,2.8
how to file a legal notice,Action,1,30,3.3333333333333335,5.9
356 (2) bns,Awareness,0,30,0,8.8
356 2 bns bailable or non bailable,Awareness,0,30,0,7.066666666666666
cost of legal notice on myadvo vakilsearch india,Action,0,30,0,4.566666666666666
create legal notice online,Action,0,30,0,7.366666666666666
section 356 defamation,Awareness,0,30,0,1.8
vakil notice format,Action,0,30,0,6.2
section 356 of bns 2023,Awareness,1,29,3.4482758620689653,8.620689655172413
bns 356 2 in hindi,Awareness,0,29,0,10.724137931034482
bns 356 dhara kya hai,Awareness,0,29,0,7.241379310344827
bns ki dhara 356 mein kya hai,Awareness,0,29,0,7.103448275862069
"if a customer wants to do …………… then, prior notice is required –",Unclassified,0,29,0,1
legal notice format for money recovery india,Decision,0,29,0,4.931034482758621
legel notice,Unclassified,0,29,0,8.241379310344827
notice for payment recovery,Unclassified,0,29,0,4.724137931034482
make legal notice online,Action,7,28,25.0,2.2142857142857144
lawyer to send legal notice,Action,2,28,7.142857142857142,1.9642857142857144
legal notice for payment of dues,Unclassified,2,28,7.142857142857142,1.8571428571428572
legal notice price in india,Action,2,28,7.142857142857142,5.571428571428571
138 ni act legal notice format,Decision,1,28,3.571428571428571,5.857142857142857
138 legal notice,Unclassified,0,28,0,6.142857142857143
bns section defamation,Awareness,0,28,0,4.75
fssai license apply online,Action,0,28,0,47.32142857142857
how to draft a legal notice for recovery of money,Action,0,28,0,4.178571428571429
legal notice for dishonour of cheque,Unclassified,0,28,0,4.178571428571429
legal notice for harassment,Unclassified,0,28,0,2.7142857142857144
notice fees,Action,0,28,0,2.4642857142857144
online defamation non cognizable offence india,Action,0,28,0,7.214285714285714
sample legal notice for recovery of money pdf,Decision,0,28,0,7.464285714285714
section 138 ni act legal notice requirements india,Awareness,0,28,0,5.464285714285714
section 356 of bns act,Awareness,0,28,0,3.5714285714285716
vakil roster,Action,0,28,0,9.107142857142858
what is defamation notice,Awareness,0,28,0,2.75
consumer court notice format,Decision,1,27,3.7037037037037033,7.407407407407407
lawyer fees for sending legal notice,Action,1,27,3.7037037037037033,1.5925925925925926
138 ni act notice period,Awareness,0,27,0,8.074074074074074
defamation punishment under bns,Awareness,0,27,0,6
false case punishment,Unclassified,0,27,0,1
find a lawyer,Action,0,27,0,10.814814814814815
legal notice tamil,Unclassified,0,27,0,8.481481481481481
legal vakil,Action,0,27,0,3.5925925925925926
money recovery format,Decision,0,27,0,3.3333333333333335
notice for loan recovery,Unclassified,0,27,0,3
vakil phone number,Action,0,27,0,8.777777777777779
what happens if legal notice is sent,Awareness,0,27,0,5.962962962962963
legal notice charges by advocate,Action,3,26,11.538461538461538,1.6538461538461537
legal notice to company,Unclassified,3,26,11.538461538461538,9.653846153846153
legal notice for defamation on social media,Unclassified,1,26,3.8461538461538463,3.6538461538461537
loan recovery notice format,Decision,1,26,3.8461538461538463,5.615384615384615
bns section 356 criminal defamation india,Awareness,0,26,0,5.076923076923077
cheque bounce legal notice format india,Decision,0,26,0,5.153846153846154
defamation in bnss,Unclassified,0,26,0,3.730769230769231
how to send legal notice for not returning money,Action,0,26,0,2.1538461538461537
legal notic,Unclassified,0,26,0,7.884615384615385
notice price,Action,0,26,0,4.384615384615385
online advocate service,Action,0,26,0,9.884615384615385
punishment for criminal defamation under bns india,Awareness,0,26,0,6
recovery of money suit,Unclassified,0,26,0,1.1923076923076923
sample legal notice for recovery of money india,Decision,0,26,0,4.6923076923076925
vakil tech reviews,Action,9,25,36.0,1.44
legal bundle,Unclassified,1,25,4.0,2.8
356 bns in tamil,Awareness,0,25,0,9.36
bharatiya nyaya sanhita section for criminal defamation,Unclassified,0,25,0,5.28
bns 2023 defamation section number,Awareness,0,25,0,4.96
bns section for defamation india,Awareness,0,25,0,8.36
ca for itr filing,Unclassified,0,25,0,10.28
can a lawyer send a legal notice,Action,0,25,0,5.16
cheque bounce notice in how many days,Unclassified,0,25,0,22.36
civil suit for recovery of money,Unclassified,0,25,0,1.2
exceptions of defamation in bns,Awareness,0,25,0,7.48
law wagon legal notice,Unclassified,0,25,0,5.72
legal notice 138 ni act format,Decision,0,25,0,9.24
legal notice for consumer case,Unclassified,0,25,0,6.12
legal notice under consumer protection act 2019,Awareness,0,25,0,5.96
success rate legal notice consumer disputes india,Unclassified,0,25,0,4.68
why lawyers usually panic upon receipt of rejoinder.notice,Awareness,0,25,0,1
legal notice to husband for maintenance format,Decision,3,24,12.5,3.2916666666666665
advocate notice in tamil,Action,1,24,4.166666666666666,5.916666666666667
how to send someone legal notice,Action,1,24,4.166666666666666,5.458333333333333
maintenance notice to husband,Unclassified,1,24,4.166666666666666,2.25
payment recovery notice format,Decision,1,24,4.166666666666666,3.8333333333333335
bank legal notice format,Decision,0,24,0,6.958333333333333
bharatiya nyaya sanhita 2023 section 356 defamation punishment,Awareness,0,24,0,6.833333333333333
bns 356 1 in hindi,Awareness,0,24,0,9.75
court legal notice for recovery of money,Unclassified,0,24,0,2.166666666666667
effectiveness of legal notice in consumer disputes india percentage settlement,Unclassified,0,24,0,4.416666666666666
formal legal notice,Unclassified,0,24,0,5.583333333333333
how to send lawyer notice,Action,0,24,0,2.958333333333333
how to send legal notice for cheque bounce,Action,0,24,0,6.458333333333333
is legal notice mandatory before filing consumer complaint india,Unclassified,0,24,0,6.958333333333333
payment legal notice format,Decision,0,24,0,5.5
legal notice for recovery of money from friend,Unclassified,3,23,13.043478260869565,2.782608695652174
lawyers online,Action,1,23,4.3478260869565215,8.695652173913043
send a legal notice for recovery of money,Action,1,23,4.3478260869565215,2.4347826086956523
356 2 bns punishment,Awareness,0,23,0,7.913043478260869
advocate for legal notice,Action,0,23,0,5.565217391304348
bns for defamation,Awareness,0,23,0,4
contract lawyer,Action,0,23,0,2.2608695652173916
cost of online legal notice india,Action,0,23,0,4.826086956521739
criminal defamation section in bharatiya nyaya sanhita india,Unclassified,0,23,0,7.173913043478261
defamation ipc bns,Awareness,0,23,0,6.826086956521739
draft legal notice for defamation,Action,0,23,0,11.565217391304348
fssai food license online,Action,0,23,0,64.3913043478261
indian penal code section 356 punishment up to two years fine,Awareness,0,23,0,8.26086956521739
notice by advocate,Action,0,23,0,4.521739130434783
notice charge,Action,0,23,0,5.565217391304348
recovery format,Decision,0,23,0,12
recovery of money legal notice,Unclassified,0,23,0,5.043478260869565
vakilsearch legal notice cost india,Action,0,23,0,5.391304347826087
legal notice for eviction of tenant format,Decision,3,22,13.636363636363635,3.909090909090909
bns ki dhara 356 kya hai in hindi,Awareness,1,22,4.545454545454546,6.863636363636363
defamation case under bns,Awareness,1,22,4.545454545454546,2.090909090909091
how to send legal notice to tenant,Action,1,22,4.545454545454546,3.5
automated legal notice,Unclassified,0,22,0,6
bharatiya nyaya sanhita criminal defamation section,Unclassified,0,22,0,8.318181818181818
cheque bounce legal action,Unclassified,0,22,0,12.318181818181818
defamation exceptions in bns,Awareness,0,22,0,7.636363636363637
draft of legal notice,Action,0,22,0,3.9545454545454546
how to send legal notice for property,Action,0,22,0,6.681818181818182
legal document preparation online,Action,0,22,0,24.5
legal notice 138 ni act,Awareness,0,22,0,4.681818181818182
legal notice for consumer complaint,Unclassified,0,22,0,3.909090909090909
legal notice for non payment of dues format,Decision,0,22,0,5.909090909090909
ni act 138 notice period,Awareness,0,22,0,5.909090909090909
real legal notice,Unclassified,0,22,0,10.090909090909092
section 356 of bhartiya nyaya sanhita,Awareness,0,22,0,5.954545454545454
what happens after sending legal notice,Awareness,0,22,0,7.409090909090909
what is legal notice in india,Awareness,0,22,0,8.727272727272727
what is section 356 of bns,Awareness,0,22,0,3.3636363636363638
what is the cost of legal notice,Action,0,22,0,1.5
legal demand notice for recovery of money,Unclassified,1,21,4.761904761904762,2
bharatiya nyaya sanhita defamation sections,Unclassified,0,21,0,7.9523809523809526
cheque return notice period,Unclassified,0,21,0,9.238095238095237
consumer court,Unclassified,0,21,0,1.9523809523809523
cost of legal notice online india myadvo vakilsearch,Action,0,21,0,6.190476190476191
legal notice in cheque bounce case,Unclassified,0,21,0,2
consumer legal notice,Unclassified,1,20,5.0,3.05
free legal notice,Unclassified,1,20,5.0,10.1
legal notice for 138 ni act,Awareness,1,20,5.0,1.55
#vakil,Action,0,20,0,3.4
356 ipc in bns,Awareness,0,20,0,2.2
bns 356 2 in marathi,Awareness,0,20,0,1
can advocate send legal notice,Action,0,20,0,9.55
can we file a complaint for mental harassment,Action,0,20,0,1
cost of legal notice for consumer complaint in india,Action,0,20,0,5.45
cost of legal notice online india,Action,0,20,0,4.95
debt collection legal notice,Unclassified,0,20,0,35.5
defamation,Unclassified,0,20,0,3.7
defamation in ipc,Awareness,0,20,0,1
defamation in which section of bns,Decision,0,20,0,5.1
defamation under bns section,Awareness,0,20,0,3.7
how to file legal notice,Action,0,20,0,7.3
how to get fssai license for home kitchen,Awareness,0,20,0,53.2
intellectual property lawyer,Action,0,20,0,8
"legal notice under consumer protection act, 2019",Awareness,0,20,0,6.05
legal.notice,Unclassified,0,20,0,8.4
prior legal notice,Unclassified,0,20,0,6.3
section 138 notice format,Decision,0,20,0,6.85
section 356 bns is cognizable or not,Awareness,0,20,0,2.7
success rate of legal notice in consumer disputes india percentage,Unclassified,0,20,0,9.2
vakil information,Action,0,20,0,2.1
which section of bns deals with defamation,Decision,0,20,0,4.1
consumer court legal notice,Unclassified,1,19,5.263157894736842,6.368421052631579
legal notice for consumer court,Unclassified,1,19,5.263157894736842,4.473684210526316
advocate payment,Action,0,19,0,6.368421052631579
bns section 356 punishment community service,Action,0,19,0,9.421052631578947
check bounce case notice format,Decision,0,19,0,5.7368421052631575
draft notice for cheque bounce,Action,0,19,0,7.421052631578948
draft of legal notice for recovery of money,Action,0,19,0,5.7894736842105265
hi vakil,Action,0,19,0,4.631578947368421
how to file complaint if someone is not returning money,Action,0,19,0,1
legal notice format for recovery of money pdf,Decision,0,19,0,6.684210526315789
legal notice template debt recovery india,Decision,0,19,0,3.5789473684210527
make legal notice online free,Action,0,19,0,8.263157894736842
notice legal,Unclassified,0,19,0,8.105263157894736
recovery of fine in criminal defamation india,Unclassified,0,19,0,3.8421052631578947
submit documents against notice,Unclassified,0,19,0,13.210526315789474
vakil gst,Action,0,19,0,9.842105263157896
vakil no 1,Action,0,19,0,11
vakil no 1 website,Action,0,19,0,6.473684210526316
vakilmart,Unclassified,0,19,0,7.842105263157895
virtual vakil whatsapp,Action,0,19,0,6.2105263157894735
cost of sending a legal notice in india,Action,1,18,5.555555555555555,6.722222222222222
exception of defamation in bns,Awareness,1,18,5.555555555555555,6.722222222222222
how to send legal notice in india,Action,1,18,5.555555555555555,4.777777777777778
legal draft format,Action,1,18,5.555555555555555,12.722222222222221
356 defamation,Unclassified,0,18,0,2.666666666666667
cheque bounce case format,Decision,0,18,0,3.1666666666666665
cheque bounce case legal notice format,Decision,0,18,0,6.388888888888889
consumer notice,Unclassified,0,18,0,5.166666666666667
cost of legal notice in india online platforms,Action,0,18,0,3.611111111111111
criminal defamation section in bharatiya nyaya sanhita,Unclassified,0,18,0,6.944444444444445
demand notice for recovery of money format,Decision,0,18,0,4.777777777777778
fees for legal notice,Action,0,18,0,1.7777777777777777
indian vakil,Action,0,18,0,2.5555555555555554
legal notice kya hota hai,Unclassified,0,18,0,2.7222222222222223
low vakil,Action,0,18,0,5.111111111111111
notice recovery,Unclassified,0,18,0,1
reply to legal notice for recovery of money,Unclassified,0,18,0,10.11111111111111
"section 356 of the bharatiya nyaya sanhita, 2023",Awareness,0,18,0,10
legal drafts,Unclassified,3,17,17.647058823529413,15.235294117647058
legal notice send,Action,3,17,17.647058823529413,1.4117647058823528
notice for recovery of money format,Decision,1,17,5.88235294117647,7.294117647058823
356 (2) bns in hindi,Awareness,0,17,0,9.058823529411764
356 2 bns triable by which court,Decision,0,17,0,5.411764705882353
agreement drafting,Unclassified,0,17,0,12.352941176470589
bharatiya nyaya sanhita 2023 defamation section 356,Awareness,0,17,0,7.9411764705882355
cheque bounce notice draft,Action,0,17,0,20.176470588235293
format for legal notice for recovery of money,Decision,0,17,0,4.588235294117647
legal notice for specific performance of contract,Unclassified,0,17,0,3
legal notice format for debt recovery india,Decision,0,17,0,4.529411764705882
loan recovery legal notice,Unclassified,0,17,0,1.7647058823529411
money recovery case,Unclassified,0,17,0,1
ni act notice format,Decision,0,17,0,8.117647058823529
online legal india charges,Action,0,17,0,2.764705882352941
recovery of money,Unclassified,0,17,0,1.5882352941176472
s 356 bns,Awareness,0,17,0,1.3529411764705883
vakil vakil latest,Action,0,17,0,13.823529411764707
vakil.com,Action,0,17,0,10.058823529411764
marathi legal drafts,Unclassified,3,16,18.75,8.625
recovery legal notice,Unclassified,2,16,12.5,3.125
legal notice for deficiency in service format,Action,1,16,6.25,8.5
legal notice sent by an advocate,Action,1,16,6.25,6.5625
356 3 bns in hindi,Awareness,0,16,0,8.8125
356 bns triable by which court,Decision,0,16,0,9
apply for fssai registration,Action,0,16,0,70.75
bharatiya nyaya sanhita 2023 section 356 defamation text,Awareness,0,16,0,9.6875
bharatiya nyaya sanhita 2023 section for defamation,Unclassified,0,16,0,8.375
cost of lawyer review for employment agreement in kerala india,Action,0,16,0,4.9375
defamation case in bns,Awareness,0,16,0,2.6875
defamation notice meaning in hindi,Awareness,0,16,0,7.625
defamation section in bns punishment,Awareness,0,16,0,7.8125
defemation in bns,Awareness,0,16,0,7.125
draft a legal notice,Action,0,16,0,8.875
draft a plaint for recovery of money,Action,0,16,0,3.375
how to send cheque bounce notice,Action,0,16,0,18.3125
india vakil,Action,0,16,0,3.1875
legal 138 notice,Unclassified,0,16,0,5.25
legal notice for eviction of tenant,Unclassified,0,16,0,2.5625
legal notice to tenant for not paying rent,Unclassified,0,16,0,3.4375
manhani ki dhara bns,Awareness,0,16,0,8.3125
section 356 3 bns,Awareness,0,16,0,8.1875
vakil sahib ji,Action,0,16,0,1
vn vakil,Action,0,16,0,10.3125
consumer court legal notice format,Decision,1,15,6.666666666666667,8.4
how much it cost to send a legal notice,Action,1,15,6.666666666666667,1
legal drafts bundle free download,Action,1,15,6.666666666666667,6.933333333333334
legal notice services,Action,1,15,6.666666666666667,20.066666666666666
"""quid pro quo"" sexual harassment ""abusive texts"" or ""abusive language"" pleading or complaint or dismissal",Unclassified,0,15,0,11
advocate legal notice format,Action,0,15,0,9.133333333333333
bharatiya nyaya sanhita section defamation,Unclassified,0,15,0,6.666666666666667
bns 2023 defamation section,Awareness,0,15,0,7.6
bns 356(1),Awareness,0,15,0,5.066666666666666
bns section 356 punishment for defamation,Awareness,0,15,0,7.133333333333334
bns section for defamation punishment,Awareness,0,15,0,8.6
check bounce notice,Unclassified,0,15,0,8.266666666666666
cheque bounce notice after 30 days,Unclassified,0,15,0,6.6
cost of legal notice for consumer complaint india,Action,0,15,0,4.866666666666667
criminal defamation sections in bharatiya nyaya sanhita,Unclassified,0,15,0,8.066666666666666
defamation bnss,Unclassified,0,15,0,2.2
how to send legal notice to employer,Action,0,15,0,9.866666666666667
how to send notice,Action,0,15,0,8.933333333333334
legal message,Unclassified,0,15,0,8.666666666666668
legal notice for payment,Unclassified,0,15,0,2.2666666666666666
legal tech advocates,Unclassified,0,15,0,11.066666666666666
legal tech advocates bangalore,Unclassified,0,15,0,10.333333333333334
man hani ki dhara bns,Awareness,0,15,0,7.8
punishment for criminal defamation under bns section 356 india,Awareness,0,15,0,4.733333333333333
section 356 1 bns,Awareness,0,15,0,4.466666666666667
vakil advice,Action,0,15,0,1.8
vakil number contact number,Action,0,15,0,2.8
vakilnow,Unclassified,0,15,0,7.4
मानहानि bns,Awareness,0,15,0,8.066666666666666
cheque bounce case notice format,Decision,1,14,7.142857142857142,5.428571428571429
defamation legal notice format,Decision,1,14,7.142857142857142,8.785714285714285
legal notice for outstanding payment,Unclassified,1,14,7.142857142857142,4.142857142857142
legal notice sample india,Decision,1,14,7.142857142857142,9.428571428571429
356 ipc,Awareness,0,14,0,1
advocate near me for legal notice,Action,0,14,0,9
bharatiya nyaya sanhita defamation section 356,Awareness,0,14,0,8.714285714285715
bns धारा 356,Awareness,0,14,0,6.785714285714286
defamation sections in bns,Awareness,0,14,0,7.642857142857143
demand legal notice,Unclassified,0,14,0,1.0714285714285714
how to send a legal notice in india,Action,0,14,0,3.2857142857142856
how to serve a legal notice,Awareness,0,14,0,6.142857142857143
indian penal code section 356 punishment up to 2 years fine,Awareness,0,14,0,6.285714285714286
information technology law firm,Unclassified,0,14,0,9.857142857142858
legal demand notice format,Decision,0,14,0,9.428571428571429
legal notice cheque bounce,Unclassified,0,14,0,5.071428571428571
legal notice in mumbai,Unclassified,0,14,0,1.9285714285714286
legal notice locator,Unclassified,0,14,0,7.785714285714286
mediation and conciliation act 2023,Awareness,0,14,0,1.1428571428571428
mentally harassment act,Awareness,0,14,0,1.1428571428571428
mode of sending legal notice under section 138 ni act,Awareness,0,14,0,7.5
money recovery suit case laws,Unclassified,0,14,0,1
not returning money case,Unclassified,0,14,0,1
online legal,Action,0,14,0,22.857142857142858
online vakil ka number,Action,0,14,0,5.428571428571429
pfb legal notice,Unclassified,0,14,0,1.0714285714285714
talk to lawyer,Action,0,14,0,4.071428571428571
legal notice website,Unclassified,3,13,23.076923076923077,1.3846153846153846
format of legal notice for eviction of tenant,Decision,1,13,7.6923076923076925,4.461538461538462
how to give legal notice to tenant,Awareness,1,13,7.6923076923076925,3.230769230769231
make a legal notice,Unclassified,1,13,7.6923076923076925,4.3076923076923075
356 3 bns,Awareness,0,13,0,7.153846153846154
356 bns is bailable or not,Awareness,0,13,0,4.076923076923077
356 in bns,Awareness,0,13,0,2.8461538461538463
359 bnss,Unclassified,0,13,0,1
best lawyer for drafting legal notice and filing recovery suit in gurgaon,Action,0,13,0,42.07692307692308
bharatiya nyaya sanhita defamation provisions,Unclassified,0,13,0,7.230769230769231
bns defamation section number,Awareness,0,13,0,5.538461538461538
bns section 356 punishment for defamation india,Awareness,0,13,0,7.3076923076923075
cost of online legal notice india myadvo vakilsearch,Action,0,13,0,5.3076923076923075
cost of sending legal notice through labour lawyer in india,Action,0,13,0,7.461538461538462
court notice for non payment,Unclassified,0,13,0,1.9230769230769231
criminal complaint for defamation format,Decision,0,13,0,7.769230769230769
fssai license registration online,Action,0,13,0,48.61538461538461
legal initiate,Unclassified,0,13,0,3.6923076923076925
legal notice format for recovery of property pdf,Decision,0,13,0,2.9230769230769234
legal notice format india,Decision,0,13,0,8.153846153846153
manhani bns section in hindi,Awareness,0,13,0,9.153846153846153
notice for non payment of dues,Unclassified,0,13,0,3
payment recovery,Unclassified,0,13,0,1.2307692307692308
section 356 (2) bns,Awareness,0,13,0,6.3076923076923075
success rate of legal notice before consumer court india,Unclassified,0,13,0,5
vakil gst registration,Action,0,13,0,6.923076923076923
vakil ke number,Action,0,13,0,2
what is bns 356,Awareness,0,13,0,4.6923076923076925
legal notice for domestic violence,Unclassified,2,12,16.666666666666664,4.666666666666666
notice format for recovery of money,Decision,1,12,8.333333333333332,5.25
section 356 bns 2023,Awareness,1,12,8.333333333333332,7.666666666666667
best criminal lawyer in siliguri,Action,0,12,0,33.916666666666664
bharatiya nyaya sanhita 2023 defamation section number criminal defamation,Unclassified,0,12,0,5.833333333333333
bharatiya nyaya sanhita 2023 section defamation number,Unclassified,0,12,0,10.25
bharatiya nyaya sanhita defamation punishment,Unclassified,0,12,0,6.166666666666667
bharatiya nyaya sanhita defamation section number 2023,Unclassified,0,12,0,9.333333333333334
bharatiya nyaya sanhita section 356,Awareness,0,12,0,3.8333333333333335
bharatiya nyaya sanhita section 356 defamation punishment,Awareness,0,12,0,8.416666666666668
bns 2023 section for defamation,Awareness,0,12,0,6.083333333333333
bns section 356 defamation punishment,Awareness,0,12,0,5
bns section 356 defamation punishment india,Awareness,0,12,0,7.833333333333333
can we send legal notice without lawyer,Action,0,12,0,10.333333333333334
check bounce notice period,Unclassified,0,12,0,10
defamation section in ipc,Awareness,0,12,0,1
deformation in bns,Awareness,0,12,0,3.5
effectiveness of legal notice in consumer disputes india success rate,Unclassified,0,12,0,6.083333333333333
effectiveness of legal notice in consumer disputes india timeline,Unclassified,0,12,0,6.166666666666667
free legal advice,Unclassified,0,12,0,5.833333333333333
hire lawyer online india,Action,0,12,0,3.9166666666666665
how to send notice for cheque bounce,Action,0,12,0,6.75
indian penal code section 356 punishment up to two years or fine or both,Awareness,0,12,0,6.833333333333333
ipc section 356 subsection 4 meaning,Awareness,0,12,0,4.25
job contract agreement,Unclassified,0,12,0,1
lawyer notice in tamil,Action,0,12,0,6.416666666666667
lawyers in delhi for legal notice,Unclassified,0,12,0,2.916666666666667
legal drafting formats pdf in india,Awareness,0,12,0,8.5
legal notice for eviction,Unclassified,0,12,0,2.916666666666667
legal notice for recovery of money sample,Decision,0,12,0,4.5
legal notice section,Unclassified,0,12,0,10.5
legal request,Unclassified,0,12,0,2.5
legalnotice,Unclassified,0,12,0,8
loan legal notice for recovery of money,Unclassified,0,12,0,5.583333333333333
online legal opinion legal advice legal notice in india legal opinion property legal opinion employment advice vakil notice lawyer notice online legal opinion legal advice legal opinion online legal notice online legal opinion legal opinion india legal op,Action,0,12,0,15.5
section 356(1) bns,Awareness,0,12,0,5.333333333333333
section 356(2),Awareness,0,12,0,6.583333333333333
send legal notice for money recovery,Action,0,12,0,4.25
tamil legal notice format,Decision,0,12,0,7.416666666666667
vakil liker,Action,0,12,0,13.083333333333334
vakil real latest,Action,0,12,0,8.5
file legal notice online,Action,5,11,45.45454545454545,1.4545454545454546
online lawyer for legal notice,Action,2,11,18.181818181818183,1.3636363636363638
legal drafts format,Decision,1,11,9.090909090909092,7.363636363636363
notice of defamation,Unclassified,1,11,9.090909090909092,3.8181818181818183
sending a legal notice,Unclassified,1,11,9.090909090909092,6.090909090909091
356 section bns,Awareness,0,11,0,2.8181818181818183
a legal notice,Unclassified,0,11,0,13.909090909090908
best cheque bounce lawyer hyderabad,Action,0,11,0,12.090909090909092
bharatiya nyaya sanhita 2023 defamation section number punishment,Unclassified,0,11,0,9.545454545454545
bharatiya nyaya sanhita defamation section number 2024 2025,Unclassified,0,11,0,9.090909090909092
company legal notice,Unclassified,0,11,0,10.636363636363637
deformation bns section,Awareness,0,11,0,6.636363636363637
divorce guwahati,Unclassified,0,11,0,8.818181818181818
effectiveness of legal notice in consumer disputes india furniture shop,Unclassified,0,11,0,8.272727272727273
how to write legal notice for cheque bounce,Awareness,0,11,0,5.2727272727272725
is legal notice mandatory before filing consumer complaint under consumer protection act 2019 india,Awareness,0,11,0,3.1818181818181817
landmark judgments on money recovery suit,Unclassified,0,11,0,1.4545454545454546
law vakil,Action,0,11,0,7
legal consultation fees,Action,0,11,0,9.636363636363637
legal draft templates,Action,0,11,0,6.545454545454546
legal notice for recovery of money for goods supplied,Unclassified,0,11,0,4.363636363636363
legal notice format for harassment,Decision,0,11,0,5.454545454545454
legal notice section 138,Awareness,0,11,0,5.7272727272727275
money notice,Unclassified,0,11,0,6.363636363636363
recovery format for client,Decision,0,11,0,1.6363636363636362
rpad legal notice,Unclassified,0,11,0,4.545454545454545
section 239,Awareness,0,11,0,1
section 356 bharatiya nyaya sanhita defamation,Awareness,0,11,0,6
section 356 of the bharatiya nyaya sanhita (bns),Awareness,0,11,0,11
statutory notice under section 138,Awareness,0,11,0,4
time to send legal notice after cheque bounce,Action,0,11,0,10.181818181818182
vakilsearch legal notice,Unclassified,0,11,0,14.636363636363637
how to send a legal notice online,Action,2,10,20.0,1.6
notice for defamation,Unclassified,2,10,20.0,4.7
legal notice for recovery of money in hindi,Unclassified,1,10,10.0,4.8
"""bharatiya nyaya sanhita"" defamation section",Unclassified,0,10,0,7.9
"""stop defamation"" book",Unclassified,0,10,0,9.3
356 (1) bns,Awareness,0,10,0,10.6
356 2 bns in ipc,Awareness,0,10,0,4.9
after legal notice,Unclassified,0,10,0,9.8
bharatiya nyaya sanhita sections for defamation,Unclassified,0,10,0,5.8
bns section 356 punishment defamation,Awareness,0,10,0,7.2
bns section 356(2),Awareness,0,10,0,6.7
bns section for criminal defamation india,Awareness,0,10,0,5.2
business lawyer,Action,0,10,0,2.9
can lawyer send legal notice,Action,0,10,0,5.6
check bounce notice format,Decision,0,10,0,5
criminal defamation punishment india bns section 356,Awareness,0,10,0,5
defamation case law in india,Awareness,0,10,0,1
defamation in bns in hindi,Awareness,0,10,0,7
defamation section in bns india,Awareness,0,10,0,7.3
defamation under bnss,Unclassified,0,10,0,3.3
demand notice by advocate,Action,0,10,0,5.9
digital & physical legal notice management,Unclassified,0,10,0,33.8
divorce lawyer siliguri,Action,0,10,0,34.2
domestic violence notice format,Decision,0,10,0,6.8
drafting charges,Action,0,10,0,7.8
eviction notice to tenant,Unclassified,0,10,0,16.2
format of legal notice,Decision,0,10,0,4.4
how does legal notice look like,Awareness,0,10,0,1
how much do lawyers charge to draft a contract in india,Action,0,10,0,10.3
how to send legal notice to bank,Action,0,10,0,8.9
how to send someone a legal notice,Action,0,10,0,6.5
lawrato legal notice cost,Action,0,10,0,9.7
lawyers notice,Unclassified,0,10,0,5.8
legal court notice,Unclassified,0,10,0,6.8
legal fees,Action,0,10,0,17.1
legal notice fees in delhi,Action,0,10,0,2.4
legal notice for refund of money,Unclassified,0,10,0,7.5
legal notice format for loan recovery,Decision,0,10,0,4
legal notice under section 138 ni act,Awareness,0,10,0,9.3
legal recovery,Unclassified,0,10,0,6.3
ni act legal notice format,Decision,0,10,0,7.9
notice fee,Action,0,10,0,2.6
notice for cheque bounce format,Decision,0,10,0,5.6
online lawyer,Action,0,10,0,8
punishment under section 356 bns,Awareness,0,10,0,8.8
sample of legal notice,Decision,0,10,0,8
section 138 notice cheque bounce legal implications,Awareness,0,10,0,24.7
section 356 bns hindi,Awareness,0,10,0,8.8
services offered by legal tech advocates,Action,0,10,0,7.9
suit for money recovery,Unclassified,0,10,0,1
suit for recovery of money plaint format,Decision,0,10,0,3.9
what is a legal notice in india,Awareness,0,10,0,9.6
what is legal notice,Awareness,0,10,0,13.2
legal notice format in hindi,Decision,1,9,11.11111111111111,2
legal notice to builder pdf,Unclassified,1,9,11.11111111111111,2.111111111111111
money recovery suit dismissed,Unclassified,1,9,11.11111111111111,2.4444444444444446
bharatiya nyaya sanhita section for defamation punishment,Unclassified,0,9,0,7
bns 356(1) in hindi,Awareness,0,9,0,10.222222222222221
bns356,Unclassified,0,9,0,2.5555555555555554
can an individual send a legal notice,Action,0,9,0,10.444444444444445
cheque dishonour notice period,Unclassified,0,9,0,10.444444444444445
criminal defamation section in bharatiya nyaya sanhita 2023,Unclassified,0,9,0,5.555555555555555
drafts for lawyers,Unclassified,0,9,0,8.11111111111111
effectiveness of legal notice in consumer cases india settlement rate,Unclassified,0,9,0,6.222222222222222
fir for not returning money,Unclassified,0,9,0,1
how a legal notice look like,Unclassified,0,9,0,3
how much legal notice do i have to give,Unclassified,0,9,0,8.555555555555555
how to file a complaint for not returning money,Action,0,9,0,1
indian penal code section 356 subsection 4,Awareness,0,9,0,2.888888888888889
lawyer near me,Action,0,9,0,11.777777777777779
lawyer payment,Action,0,9,0,3.2222222222222223
legal charges,Action,0,9,0,22.666666666666668
legal experts,Unclassified,0,9,0,6.555555555555555
legal notice formate,Unclassified,0,9,0,7.222222222222222
legal notice kaise bheja jata hai,Unclassified,0,9,0,2.4444444444444446
legal notice to tenant,Unclassified,0,9,0,3.2222222222222223
legal prior notice format,Decision,0,9,0,3.111111111111111
manhani in bns in hindi,Awareness,0,9,0,10
money recovery,Unclassified,0,9,0,1.8888888888888888
notice for dishonour of cheque,Unclassified,0,9,0,11.555555555555555
notice for eviction of tenant,Unclassified,0,9,0,2.5555555555555554
notice send,Action,0,9,0,2
notice service,Action,0,9,0,7.555555555555555
notice under section 138,Awareness,0,9,0,16.22222222222222
notice under section 138 of negotiable instrument act format,Decision,0,9,0,13.777777777777779
online notice kaise bheje,Action,0,9,0,4.222222222222222
punishment for criminal defamation india bns,Awareness,0,9,0,5.888888888888889
punishment of defamation under bns,Awareness,0,9,0,6.666666666666667
reply to legal notice for recovery of money format word,Decision,0,9,0,2.888888888888889
section 138 ni act legal notice format india,Decision,0,9,0,5.444444444444445
section 356 bharatiya nyaya sanhita,Awareness,0,9,0,8.777777777777779
section 356 bharatiya nyaya sanhita 2023 defamation,Awareness,0,9,0,8.11111111111111
section 356 bns defamation,Awareness,0,9,0,3
section 356 of bharatiya nyaya sanhita,Awareness,0,9,0,3.6666666666666665
success rate of legal notice in resolving consumer disputes india,Unclassified,0,9,0,2.333333333333333
vakil banva mate su karvu pade,Action,0,9,0,9
vakil court latest,Action,0,9,0,15.666666666666666
vakil uncle,Action,0,9,0,12.333333333333334
vakil website,Action,0,9,0,10.666666666666666
payment recovery money legal notice format,Decision,1,8,12.5,5.5
"""bharatiya nyaya sanhita"" section 356",Awareness,0,8,0,9.25
138 legal action,Unclassified,0,8,0,3.875
356 bns kya hai,Awareness,0,8,0,8.375
356 section in law,Unclassified,0,8,0,5.875
356(3) bns in hindi,Awareness,0,8,0,9.125
agreement drafting services,Action,0,8,0,3.125
apply fssai registration online,Action,0,8,0,32
bns 356 punishment,Awareness,0,8,0,6.5
book my vakil,Action,0,8,0,4.875
copyright lawyer in india,Action,0,8,0,3.875
criminal defamation punishment india ipc 500 bns 356,Awareness,0,8,0,3.125
criminal defamation sections in bharatiya nyaya sanhita india,Unclassified,0,8,0,9.375
defamation in bns case law,Awareness,0,8,0,1
defamation in bns punishment,Awareness,0,8,0,8.625
dhara 356 bns kya hai,Awareness,0,8,0,7.375
divorce lawyer near me,Action,0,8,0,15.5
effectiveness of legal notice in consumer disputes india shopkeepers,Unclassified,0,8,0,6.125
expert legal services,Action,0,8,0,8.75
free online advice from a lawyer,Action,0,8,0,56.875
hire lawyers in india,Action,0,8,0,86.25
how to file a complaint against a person who is not returning money,Action,0,8,0,1
how to send notice to someone,Action,0,8,0,8.25
how to write legal notice,Awareness,0,8,0,33.25
lawyer consultation fee,Action,0,8,0,9.5
lawyer notice format,Action,0,8,0,8.75
legal no,Unclassified,0,8,0,13.25
legal notice examples,Unclassified,0,8,0,4.875
legal notice for cheque bounce under section 138 ni act,Awareness,0,8,0,3.125
legal notice for defamation format,Decision,0,8,0,5.25
legal notice from court,Unclassified,0,8,0,10.5
legal notice of defamation,Unclassified,0,8,0,7.625
manjal notice,Unclassified,0,8,0,1.25
notice from court,Unclassified,0,8,0,5
online fssai license,Action,0,8,0,42.625
online legal services india,Action,0,8,0,54.875
original legal notice,Unclassified,0,8,0,41.625
punishment for defamation under bns section 356,Awareness,0,8,0,9.625
real-time legal notice tracking,Unclassified,0,8,0,16.875
recarz legal notice sample,Decision,0,8,0,6.5
recovery letter,Unclassified,0,8,0,1
section 356bns,Awareness,0,8,0,4.25
send a notice,Action,0,8,0,3.625
success rate of legal notice in consumer disputes india furniture,Unclassified,0,8,0,7.625
vakil hyderabad,Action,0,8,0,8.625
vakil sir,Action,0,8,0,2.25
vakila latest,Unclassified,0,8,0,21.125
your vakil online,Action,0,8,0,7.375
legal notice format templates for recovery of money,Decision,2,7,28.57142857142857,5.714285714285714
defamation notice draft,Action,1,7,14.285714285714285,12.142857142857142
recovery money legal notice format in hindi,Decision,1,7,14.285714285714285,4.571428571428571
356 bns hindi,Awareness,0,7,0,8.857142857142858
advocate legal notice format in hindi,Action,0,7,0,7.428571428571429
bharatiya nyaya sanhita 2023 sections for defamation,Unclassified,0,7,0,8.714285714285715
bharatiya nyaya sanhita section 356 defamation text,Awareness,0,7,0,7.571428571428571
cost of legal notice in india for consumer complaint,Action,0,7,0,6.142857142857143
defamation in bns notes,Awareness,0,7,0,7.428571428571429
draft plaint for recovery of money,Action,0,7,0,4.857142857142858
effectiveness of legal notice in consumer disputes india,Unclassified,0,7,0,6.428571428571429
format recovery,Decision,0,7,0,2.142857142857143
how does a legal notice look like,Awareness,0,7,0,3.7142857142857144
how to claim maintenance,Awareness,0,7,0,8.571428571428571
how to make a legal notice,Awareness,0,7,0,11.142857142857142
how to send a formal legal notice,Action,0,7,0,6.142857142857143
ipc 356,Awareness,0,7,0,1
ipc section 356 assault or criminal force in attempt to commit theft of property carried by a person,Awareness,0,7,0,3.142857142857143
lawyer consultation,Action,0,7,0,6
legal demand notice for recovery of money format,Decision,0,7,0,7.142857142857143
legal note,Unclassified,0,7,0,7.428571428571429
legal notice consumer court format,Decision,0,7,0,7.285714285714286
legal notice for payment recovery,Unclassified,0,7,0,7.714285714285714
legal notice format for false allegations,Decision,0,7,0,5
legal notice format for recovery of money in india hindi,Decision,0,7,0,4.285714285714286
legal notice in delhi,Unclassified,0,7,0,4.571428571428571
legal notice in hindi,Unclassified,0,7,0,4
legal notice samples,Unclassified,0,7,0,5.571428571428571
manjal notice in english,Unclassified,0,7,0,1
municipal trade license fee small shop india per year,Action,0,7,0,10.714285714285714
near me vakil contact number,Action,0,7,0,5.571428571428571
online platforms to hire lawyers in india 2024,Action,0,7,0,10
property dispute,Unclassified,0,7,0,53.714285714285715
recovery legal notice format,Decision,0,7,0,6
recovery letter meaning,Awareness,0,7,0,1
recovery notice meaning,Awareness,0,7,0,1
section 138 legal notice,Awareness,0,7,0,2.571428571428571
section 356 bharatiya nyaya sanhita 2023,Awareness,0,7,0,10
section 356 bharatiya nyaya sanhita criminal defamation,Awareness,0,7,0,4.571428571428571
time limit for legal notice under section 138 ni act,Awareness,0,7,0,3.142857142857143
vakil divorce,Action,0,7,0,10.857142857142858
vakil ka number kaise milega,Action,0,7,0,1.5714285714285714
vakil post,Action,0,7,0,6.285714285714286
vakilsearch legal notice price,Action,0,7,0,4.857142857142858
what is 138 notice,Awareness,0,7,0,1
breach of contract legal notice,Unclassified,1,6,16.666666666666664,7.5
ca for filing itr,Unclassified,1,6,16.666666666666664,1
essentials of defamation under bns,Awareness,1,6,16.666666666666664,8.833333333333332
i want to send a legal notice,Action,1,6,16.666666666666664,9
138 notice period,Unclassified,0,6,0,6.5
356 ipc to bns,Awareness,0,6,0,11.833333333333334
a vakil,Action,0,6,0,11.833333333333334
advocate near me,Action,0,6,0,26.166666666666668
advocates near me,Action,0,6,0,22.166666666666668
all drafts,Unclassified,0,6,0,9.166666666666666
best lawyer in siliguri,Action,0,6,0,34.333333333333336
bharatiya nyaya sanhita 2023 section 356,Awareness,0,6,0,9.5
bharatiya nyaya sanhita defamation sections enforcement,Unclassified,0,6,0,7.333333333333333
bharatiya nyaya sanhita section 356 defamation india,Awareness,0,6,0,9.5
bharatiya nyaya sanhita section 356 punishment,Awareness,0,6,0,7
bharatiya nyaya sanhita section 356 punishment for defamation,Awareness,0,6,0,10
bharatiya nyaya sanhita sections for criminal defamation,Unclassified,0,6,0,7.5
bns section 356 defamation text,Awareness,0,6,0,7
bns section defamation india,Awareness,0,6,0,3.6666666666666665
ca to file itr,Action,0,6,0,1.6666666666666665
cheque notice period,Unclassified,0,6,0,7.5
cort vakil,Action,0,6,0,1
criminal defamation section in bharatiya nyaya sanhita bns india,Awareness,0,6,0,5.666666666666667
defamation ipc section,Awareness,0,6,0,1
defamation punishment in bns,Awareness,0,6,0,7.333333333333333
drafting service contract,Action,0,6,0,55
effectiveness of legal notice in consumer disputes india percentage settle,Unclassified,0,6,0,6
effectiveness of legal notice in consumer disputes india statistics,Unclassified,0,6,0,6.833333333333333
eviction notice,Unclassified,0,6,0,22.5
expert legal,Unclassified,0,6,0,15
finance legal notice,Unclassified,0,6,0,5
format of legal notice for defamation in india,Decision,0,6,0,8.333333333333332
free legal drafts,Unclassified,0,6,0,25.166666666666668
funds recovery format,Decision,0,6,0,6.666666666666667
hire lawyer online,Action,0,6,0,4.166666666666666
house vacate notice letter to owner,Unclassified,0,6,0,3.6666666666666665
how to get money back from friend legally,Awareness,0,6,0,1
ipc section 356(4) meaning,Awareness,0,6,0,2.166666666666667
landlord tenant lawyers near me,Action,0,6,0,2
law wagon notice,Unclassified,0,6,0,8
lawyer charges,Action,0,6,0,1
legal action for not returning money,Unclassified,0,6,0,1
legal drafting format,Decision,0,6,0,17
legal notice charges for divorce,Action,0,6,0,1
legal notice format for defamation,Decision,0,6,0,7.166666666666667
legal notice format word free download,Action,0,6,0,9.5
legal notice in tamil format,Decision,0,6,0,9.5
legal notice template india,Decision,0,6,0,9.666666666666666
legal notice पैसे की वसूली के लिए कानूनी नोटिस,Unclassified,0,6,0,6.833333333333333
legal prayer notice,Unclassified,0,6,0,4.166666666666666
manhani ipc section,Awareness,0,6,0,1
notice complaint,Unclassified,0,6,0,1
notice cost,Action,0,6,0,3.8333333333333335
notice from advocate,Action,0,6,0,2.833333333333333
notice process,Unclassified,0,6,0,6.166666666666667
noticesend,Unclassified,0,6,0,1.5
online advocate,Action,0,6,0,2.333333333333333
online lawyers bangalore,Action,0,6,0,4
payment notice,Unclassified,0,6,0,1
plaint for recovery of money,Unclassified,0,6,0,2.833333333333333
private notice in tamil,Unclassified,0,6,0,8.5
punishment for defamation under bns,Awareness,0,6,0,10.833333333333334
punishment under section 356 bns defamation,Awareness,0,6,0,8.833333333333332
recovery suit,Unclassified,0,6,0,3.6666666666666665
sec 138 notice,Unclassified,0,6,0,52.166666666666664
section 138 notice,Awareness,0,6,0,46.833333333333336
section 356 ipc,Awareness,0,6,0,1
success rate of legal notices in consumer disputes india,Unclassified,0,6,0,10.166666666666666
suit for recovery of money format,Decision,0,6,0,33.666666666666664
time limit for sending legal notice us 138,Awareness,0,6,0,7.666666666666667
trade license in pune,Unclassified,0,6,0,79
ukil notice,Unclassified,0,6,0,1
vakeel notice malayalam,Unclassified,0,6,0,6.833333333333333
vakil ai,Action,0,6,0,38.333333333333336
vakil file,Action,0,6,0,9.5
vakil high court india lawyer,Action,0,6,0,7.166666666666667
vakil ka mobile number,Action,0,6,0,1
vakil office,Action,0,6,0,6.5
vakkil notice in tamil,Unclassified,0,6,0,7
what is vakil,Action,0,6,0,8.833333333333332
ye vakil,Action,0,6,0,9.5
can i reply to legal notice without lawyer,Action,1,5,20.0,9.2
online advocates,Action,1,5,20.0,8.6
online lawyer consultation karnataka,Action,1,5,20.0,8.2
#courtnotice,Unclassified,0,5,0,2.2
#divorcenotice,Unclassified,0,5,0,18.4
138 notice,Unclassified,0,5,0,44
356 2 bns in tamil,Awareness,0,5,0,1
356 bns in kannada,Awareness,0,5,0,6.2
advocate legal notice format india,Action,0,5,0,9.2
amazon india address for legal notice,Unclassified,0,5,0,1
blackmailing act india,Awareness,0,5,0,1
bns 2023 section 356 defamation punishment,Awareness,0,5,0,6.8
bns 356 in hindi,Awareness,0,5,0,8.2
bns 356 section tamil,Awareness,0,5,0,1
bns manhani ki dhara,Awareness,0,5,0,9.4
builder notice,Unclassified,0,5,0,4.6
can i file a case for mental harassment,Action,0,5,0,1
can i file a complaint for mental harassment,Action,0,5,0,1
can i send a legal notice without lawyer,Action,0,5,0,12.8
can i send legal notice without lawyer,Action,0,5,0,11
can we file a case for mental harassment,Action,0,5,0,1
case notice,Unclassified,0,5,0,9.8
cheque bounce case notice,Unclassified,0,5,0,1
cheque bounce notice under section 138 format,Decision,0,5,0,9.8
criminal defamation india bns section 356 punishment,Awareness,0,5,0,7
criminal defamation punishment under bns india,Awareness,0,5,0,7.6
criminal defamation sections in india ipc and bharatiya nyaya sanhita,Awareness,0,5,0,5.8
defamation under ipc,Awareness,0,5,0,1
defame case law in india,Awareness,0,5,0,1
defective legal notice in 138 ni act,Awareness,0,5,0,34.2
demand notice for payment,Unclassified,0,5,0,1
divorce notice charges,Action,0,5,0,3.2
domestic violence notice,Unclassified,0,5,0,12.8
e vakil,Action,0,5,0,1
effect of legal notice in consumer disputes india timeline,Unclassified,0,5,0,10
eviction notice format india,Decision,0,5,0,2
example of legal notice,Unclassified,0,5,0,4.8
fatakpay legal notice,Unclassified,0,5,0,1
framing of notice in 138 ni act,Awareness,0,5,0,1.4
fssai certificate apply online,Action,0,5,0,69.8
fssai registration online apply,Action,0,5,0,40.8
hire advocate online,Action,0,5,0,3
how can i send legal notice,Action,0,5,0,6.2
how to apply for trade license in gurgaon,Action,0,5,0,57.4
how to send a notice,Action,0,5,0,2.8
how to send eviction notice to tenant,Action,0,5,0,1
india code bharatiya nyaya sanhita 2023 section 356 defamation,Awareness,0,5,0,8.2
indian penal code section 356 subsection 4 meaning,Awareness,0,5,0,2
is legal notice mandatory before filing consumer complaint in india,Awareness,0,5,0,6
is virtual vakil legit,Action,0,5,0,11
itr filing ca,Unclassified,0,5,0,12.6
lawyer notice sample,Action,0,5,0,9.6
lawyer sending legal notice,Action,0,5,0,1.6
lawyers in siliguri,Unclassified,0,5,0,30.8
legal,Unclassified,0,5,0,5.4
legal agreement online,Action,0,5,0,10.4
legal drafts & corporate documents bundle,Unclassified,0,5,0,3
legal notice drafting,Unclassified,0,5,0,12
legal notice for check bounce,Unclassified,0,5,0,1
legal notice for cheque dishonour,Unclassified,0,5,0,7.8
legal notice for domestic violence format,Decision,0,5,0,6
legal notice for recovery of money online,Action,0,5,0,8
legal notice format for recovery of money india sample,Decision,0,5,0,2.4
legal notice in consumer cases,Unclassified,0,5,0,8
legal notice letter head,Unclassified,0,5,0,1
legal notice template section 138 negotiable instruments act,Decision,0,5,0,8.8
legal notice to landlord,Unclassified,0,5,0,7
legal recovery process,Unclassified,0,5,0,1
legaltech,Unclassified,0,5,0,1.2
maintenance notice format,Decision,0,5,0,8.4
manhani case ipc section,Awareness,0,5,0,1
manja notice in court,Unclassified,0,5,0,1
mental harassment law,Unclassified,0,5,0,1
money recovery act,Awareness,0,5,0,1
ni act legal notice,Awareness,0,5,0,6.8
ni act notice period,Awareness,0,5,0,7
notice charges,Action,0,5,0,9.8
notice delivered,Unclassified,0,5,0,7.8
notice for breach of contract,Unclassified,0,5,0,1
notice in india,Awareness,0,5,0,7.6
notice of breach of contract,Unclassified,0,5,0,12.4
notice of recovery,Unclassified,0,5,0,5
online complaint for not returning money,Action,0,5,0,2.6
online lawyer consultation bangalore,Action,0,5,0,8.6
online lawyer service,Action,0,5,0,33.4
paid legal consultation,Action,0,5,0,5.8
percentage of consumer disputes resolved after legal notice india,Unclassified,0,5,0,5.4
police complaint for not returning money,Unclassified,0,5,0,1
promissory note legal notice format,Decision,0,5,0,1.8
provakil technologies,Unclassified,0,5,0,38
punishment under bns section 356 defamation india,Awareness,0,5,0,9.4
punishment under section 356 bns 2023,Awareness,0,5,0,5.8
recarz s legal notice,Unclassified,0,5,0,1
recovery payment,Unclassified,0,5,0,1.4
rental agreement,Unclassified,0,5,0,6
repayment notice,Unclassified,0,5,0,4.4
section 138 negotiable instruments act legal notice requirements india,Awareness,0,5,0,5.6
section 356 ipc in bns,Awareness,0,5,0,5.2
types of defamation in bns,Awareness,0,5,0,4
"vakeel online, legal service",Action,0,5,0,17.6
vakil at home,Action,0,5,0,4.2
vakil ka contact number,Action,0,5,0,1.6
vakil ka number chahie,Action,0,5,0,2
vakils,Unclassified,0,5,0,3.4
vakilserch,Unclassified,0,5,0,32.8
what is legal notice in law,Awareness,0,5,0,21
what is recovery letter,Awareness,0,5,0,1
what to do after receiving legal notice,Awareness,0,5,0,13.2
wills and trust lawyers near me,Action,0,5,0,8.6
धारा 356 bns,Awareness,0,5,0,7
draft bundle,Action,1,4,25.0,3
funds recovery format for client,Decision,1,4,25.0,1.75
legal drafting templates,Unclassified,1,4,25.0,9.75
marathi legal drafting formats pdf,Unclassified,1,4,25.0,7
section 125 notice,Awareness,1,4,25.0,1
"""grievance.officer@flipkart.com""",Unclassified,0,4,0,9
"""section 356"" ""bharatiya nyaya sanhita""",Awareness,0,4,0,5.5
138 legal notice time limit,Awareness,0,4,0,12.5
138 ni act notice,Awareness,0,4,0,9.25
356 (3) bns,Awareness,0,4,0,9.5
356 2 bns in hindi punishment,Awareness,0,4,0,12
356 bns in marathi,Awareness,0,4,0,8.75
all drafting format,Decision,0,4,0,6
apply fssai online,Action,0,4,0,56.5
best divorce lawyer in siliguri,Action,0,4,0,27.25
bharatiya nyaya sanhita 2023 defamation sections,Unclassified,0,4,0,10.75
bharatiya nyaya sanhita defamation punishment section,Unclassified,0,4,0,6.75
bns 356(2) in marathi,Awareness,0,4,0,1
bns ki dhara 356 in hindi,Awareness,0,4,0,9.75
bns section for criminal intimidation ipc 506,Awareness,0,4,0,4.75
bns sections for defamation,Awareness,0,4,0,4
breach of contract notice,Unclassified,0,4,0,1
can i file a cheating case against my friend for not returning my money,Action,0,4,0,1
cheque bounce,Unclassified,0,4,0,5
cost of online legal advice,Action,0,4,0,9.75
cost of sending legal notice india,Action,0,4,0,6
criminal defamation india private complaint,Unclassified,0,4,0,7.75
cyber defamation in cyber law,Unclassified,0,4,0,1
defamation in bns 2023,Awareness,0,4,0,3.5
defamation section 356 bns,Awareness,0,4,0,9.75
defamation section in bharatiya nyaya sanhita 2023,Unclassified,0,4,0,10
defamation section in bharatiya nyaya sanhita bns,Awareness,0,4,0,4.5
defamation section ipc,Awareness,0,4,0,1
defamation sections in bharatiya nyaya sanhita,Unclassified,0,4,0,9.5
defamation under bharatiya nyaya sanhita,Unclassified,0,4,0,9.5
divorce lawyer,Action,0,4,0,1
drafting a legal notice,Unclassified,0,4,0,84
effectiveness of legal notice in consumer disputes india percentage,Unclassified,0,4,0,9.25
false allegations ipc punishment,Awareness,0,4,0,1
fssai registration apply online,Action,0,4,0,47.25
harassment notice,Unclassified,0,4,0,7.5
how long does it take to get a court notice,Unclassified,0,4,0,5.5
how much does a lawyer charge for legal notice,Action,0,4,0,1
hyderabad vakil,Action,0,4,0,11.25
i want to send legal notice,Action,0,4,0,5.5
ipc defamation section,Awareness,0,4,0,1
ipc for defamation,Awareness,0,4,0,1
kisi ko notice kaise bheje,Unclassified,0,4,0,11.25
law firm in siliguri,Unclassified,0,4,0,39.75
law firms near me,Action,0,4,0,10
laws for mental harassment in india,Awareness,0,4,0,1
lawyer,Action,0,4,0,10.25
lawyer consultation fee in india,Action,0,4,0,21.75
lawyer consultation fees,Action,0,4,0,7
lawyer fees in hyderabad,Action,0,4,0,1
lawyer in siliguri,Action,0,4,0,32.25
lawyer siliguri,Action,0,4,0,47
lawyers near me that take payments,Action,0,4,0,1.75
lawyers payment,Unclassified,0,4,0,10.75
legal action notice,Unclassified,0,4,0,9.75
legal advice fees,Action,0,4,0,1
legal document templates india,Unclassified,0,4,0,7.5
legal notice defamation format,Decision,0,4,0,5.75
legal notice for,Unclassified,0,4,0,6.25
legal notice for non payment of salary,Unclassified,0,4,0,31
legal notice format in hindi pdf,Decision,0,4,0,4
legal notice format in telugu,Decision,0,4,0,8
legal notice format india sample,Decision,0,4,0,9.25
legal notice in india format,Decision,0,4,0,3
legal notice in tamil,Unclassified,0,4,0,12.25
legal notice kya hota hai in hindi,Unclassified,0,4,0,2.75
legal notice lawyer near me,Action,0,4,0,8.75
legal notice meaning,Awareness,0,4,0,3
legal notice procedure,Unclassified,0,4,0,11
legal notice tracking system,Unclassified,0,4,0,16
legal notice under section 138 of negotiable instrument act,Awareness,0,4,0,27.25
legal online,Action,0,4,0,12.5
"legal tech advocates [property verification, divorce, civil, criminal, high court lawyers]",Unclassified,0,4,0,4.5
legal writing,Unclassified,0,4,0,14
notice,Unclassified,0,4,0,5.75
notice expert,Unclassified,0,4,0,1
notice period in 138 ni act,Awareness,0,4,0,10
offence of defamation under bns,Awareness,0,4,0,2.5
online ca assisted itr,Action,0,4,0,34.25
online platforms to hire lawyers in india,Action,0,4,0,11
pfb legal notice meaning,Awareness,0,4,0,1
pre legal notice for non payment of debt,Unclassified,0,4,0,2
property legal verification,Unclassified,0,4,0,1
punishment for criminal defamation in india bns,Awareness,0,4,0,5.75
punishment for defamation section in bns,Awareness,0,4,0,3.25
punishment under section 356 bns india,Awareness,0,4,0,8.5
real notice,Unclassified,0,4,0,10.25
recovery of legal fees,Action,0,4,0,2.25
reminder legal notice format,Decision,0,4,0,9.25
reply notice in tamil,Unclassified,0,4,0,9.5
sample legal notice for recovery of money lent to friend india,Decision,0,4,0,3
section 108,Awareness,0,4,0,1
section 356 bns defamation india,Awareness,0,4,0,5.25
section 356 bns exception,Awareness,0,4,0,6.5
section 356 of the bharatiya nyaya sanhita,Awareness,0,4,0,9.75
send court,Action,0,4,0,9.75
senior vakil,Action,0,4,0,1
supreme court judgments on money recovery suit limitation period,Unclassified,0,4,0,2.5
talk to a lawyer today,Action,0,4,0,3.75
top online platforms to hire lawyers in india 2024,Action,0,4,0,9.5
typical response time to legal notice in consumer disputes india,Unclassified,0,4,0,11
vakil friends,Action,0,4,0,11.25
vakil lover,Action,0,4,0,18.5
vakilgpt,Unclassified,0,4,0,4.25
vakilo,Unclassified,0,4,0,4
what is a legal notice,Awareness,0,4,0,22.75
whats a legal notice,Unclassified,0,4,0,8.5
कानूनी नोटिस (legal notice),Unclassified,0,4,0,11
advocate charges for sending legal notice,Action,1,3,33.33333333333333,1
advocate in siliguri,Action,1,3,33.33333333333333,50.333333333333336
legal drafting bundle,Unclassified,1,3,33.33333333333333,2.333333333333333
legal notice format download,Action,1,3,33.33333333333333,5.666666666666667
legal notice how to send,Action,1,3,33.33333333333333,1.3333333333333333
"""legal notices"" band website",Unclassified,0,3,0,3
316 section in law,Unclassified,0,3,0,1
351(3) bns,Awareness,0,3,0,2
advocate online consultation,Action,0,3,0,1
advocate vakil latest,Action,0,3,0,14.333333333333334
advocates online,Action,0,3,0,8.666666666666668
apply for fssai license,Action,0,3,0,61
bank notice format,Decision,0,3,0,6.666666666666667
best advocate in siliguri,Action,0,3,0,38.666666666666664
best lawyer near me,Action,0,3,0,15.666666666666666
bharatiya nyaya sanhita 2023 section 356 punishment,Awareness,0,3,0,3.6666666666666665
bharatiya nyaya sanhita defamation,Unclassified,0,3,0,7
bns 356 (2),Awareness,0,3,0,1
bns 356 3 in marathi,Awareness,0,3,0,1
bns 356 defamation india,Awareness,0,3,0,2.333333333333333
bns section 356 cognizable or non-cognizable,Awareness,0,3,0,8.333333333333332
bns sections for defamation india,Awareness,0,3,0,8.333333333333332
ca itr filing,Unclassified,0,3,0,7
can i file a case against my manager for mental harassment,Action,0,3,0,1
can i file police complaint for not returning money,Action,0,3,0,1.6666666666666665
can i send a legal notice without a lawyer,Action,0,3,0,14
can legal notice be sent by courier,Unclassified,0,3,0,10.666666666666666
character defamation charges,Action,0,3,0,1
cheating and forgery bns,Awareness,0,3,0,1
cheque bounce case,Unclassified,0,3,0,2.333333333333333
cheque bounce case in hindi,Unclassified,0,3,0,2.666666666666667
cheque bounce case notice period,Unclassified,0,3,0,4.333333333333334
cheque bounce legal notice time limit,Awareness,0,3,0,19.333333333333332
cheque bounce limitation calculator,Unclassified,0,3,0,1
cheque bounce message,Unclassified,0,3,0,41
cheque bounce notice charges,Action,0,3,0,10.666666666666666
civil case for money recovery,Unclassified,0,3,0,1
civil recovery suit,Unclassified,0,3,0,1
company ko legal notice kaise bheje,Unclassified,0,3,0,12
compensation in criminal defamation india,Unclassified,0,3,0,10
consumer protection notice,Unclassified,0,3,0,7.333333333333333
cost of initial consultation property lawyer bangalore,Action,0,3,0,9
cost of legal notice from labour lawyer in maharashtra india,Action,0,3,0,5.666666666666667
court approved legal notice,Unclassified,0,3,0,5.666666666666667
court approved legal notice mail,Unclassified,0,3,0,8.333333333333332
court notice format,Decision,0,3,0,2
court se notice kaise bheje,Unclassified,0,3,0,2.333333333333333
criminal defamation sections in bns india,Awareness,0,3,0,5.333333333333333
crpc section 356(4) meaning,Awareness,0,3,0,2
defamation case article,Unclassified,0,3,0,1
defamation in bns act,Awareness,0,3,0,7
defamation section in bharatiya nyaya sanhita,Unclassified,0,3,0,10.333333333333334
defective complaint,Unclassified,0,3,0,4.333333333333334
demand notice format,Decision,0,3,0,5.333333333333333
divorce lawyers near me,Action,0,3,0,17
divorce notice,Unclassified,0,3,0,26.666666666666668
employment lawyer,Action,0,3,0,2.333333333333333
eviction notice meaning in telugu,Awareness,0,3,0,2
eviction notice to tenant india,Unclassified,0,3,0,56.666666666666664
expert legal advice,Unclassified,0,3,0,3
fees recovery,Action,0,3,0,1.6666666666666665
fir for money recovery,Unclassified,0,3,0,5.666666666666667
guarantee agreements lawyers in india,Awareness,0,3,0,68.33333333333333
hire a lawyer,Action,0,3,0,1
hire lawyers online,Action,0,3,0,7
how many times legal notice can be sent,Unclassified,0,3,0,1.6666666666666665
how to check if legal notice is fake,Awareness,0,3,0,1
how to prepare legal notice,Awareness,0,3,0,12.333333333333334
how to send legal notice for divorce,Action,0,3,0,10.333333333333334
indian penal code section 356 punishment up to two years,Awareness,0,3,0,9.333333333333334
indian penal code section 356 subsection (4),Awareness,0,3,0,2.333333333333333
indian penal code section 356(4) meaning,Awareness,0,3,0,5
ipc 356 section,Awareness,0,3,0,1
irctc notice,Unclassified,0,3,0,8
kisi ko legal notice kaise bheje,Unclassified,0,3,0,2.333333333333333
latest judgement on recovery suit,Unclassified,0,3,0,1
lawyer notification,Action,0,3,0,4.333333333333334
lawyers charges,Action,0,3,0,1
lawyers fees,Action,0,3,0,5.666666666666667
lawyers near me,Action,0,3,0,3
lawyers that take payments near me,Action,0,3,0,2
legal advice online,Action,0,3,0,1
legal drafting format in english,Decision,0,3,0,2.333333333333333
legal drafting format in hindi pdf,Decision,0,3,0,1
legal mail,Unclassified,0,3,0,69.66666666666667
legal note format,Decision,0,3,0,5
legal notice against company,Unclassified,0,3,0,3.3333333333333335
legal notice for cheque bounce format pdf india,Decision,0,3,0,9.333333333333334
legal notice format for non payment of dues,Decision,0,3,0,8
legal notice format in india,Decision,0,3,0,8.333333333333332
legal notice in english,Unclassified,0,3,0,11.666666666666666
legal notice in noida,Unclassified,0,3,0,4
legal notice india format,Decision,0,3,0,8
legal notice ka kya matlab hota hai,Unclassified,0,3,0,3
legal notice kaise bheje,Unclassified,0,3,0,3
legal notice malayalam,Unclassified,0,3,0,8.333333333333332
legal notice meaning in hindi,Awareness,0,3,0,3
legal notice of 138 ni act,Awareness,0,3,0,5
legal notice process,Unclassified,0,3,0,5.333333333333333
legal notice reference number check online,Action,0,3,0,7
legal notice reply,Unclassified,0,3,0,5
legal notice section 138 of negotiable instrument act format,Decision,0,3,0,6
legal notice to customer for outstanding payment,Unclassified,0,3,0,2.333333333333333
legal notification services,Action,0,3,0,5
legal service request,Action,0,3,0,12
legal warning notice,Unclassified,0,3,0,7.666666666666667
legal.notice format,Decision,0,3,0,10.333333333333334
loan payment recovery money legal notice format,Decision,0,3,0,4
maan hani ki dhara bns,Awareness,0,3,0,9.333333333333334
maintenance claims lawyers,Unclassified,0,3,0,9
mental harassment by in-laws,Unclassified,0,3,0,2
mode of sending legal notice under section 138 ni act india,Awareness,0,3,0,7.666666666666667
money not return case,Unclassified,0,3,0,1
money recovery suit court fees,Action,0,3,0,1.6666666666666665
my vakil,Action,0,3,0,3.6666666666666665
near by vakil contact number,Action,0,3,0,5
notice breach of contract,Unclassified,0,3,0,2
notice fee charge,Action,0,3,0,2.333333333333333
notice for eviction,Unclassified,0,3,0,1
notice in court,Unclassified,0,3,0,3.6666666666666665
notice in law,Unclassified,0,3,0,22.666666666666668
notice of dishonour of cheque,Unclassified,0,3,0,9
notice real,Unclassified,0,3,0,9.666666666666666
official legal notice,Unclassified,0,3,0,9.666666666666666
online drafting of legal documents,Action,0,3,0,34
online lawyer consultation india,Action,0,3,0,1
online lawyer consultation telugu,Action,0,3,0,12
online legal consultation,Action,0,3,0,7.333333333333333
online legal documentation,Action,0,3,0,25.666666666666668
online legal service,Action,0,3,0,1.3333333333333333
prayer notice for bank,Unclassified,0,3,0,1
property disputes,Unclassified,0,3,0,50.666666666666664
rbi complaint,Unclassified,0,3,0,2
recovery legal,Unclassified,0,3,0,4.666666666666666
recovery letter format,Decision,0,3,0,2.666666666666667
recovery notice in hindi,Unclassified,0,3,0,6
sample legal notice format,Decision,0,3,0,11
sant vakil sahib ji,Action,0,3,0,1
section 35 of consumer protection act,Awareness,0,3,0,3
section 356(2) of bns,Awareness,0,3,0,7
section 356(4) indian penal code,Awareness,0,3,0,2.666666666666667
section for criminal defamation in bharatiya nyaya sanhita 2023,Unclassified,0,3,0,5
send lawyer,Action,0,3,0,1
send lawyers,Action,0,3,0,3.6666666666666665
staffing agency employment agreement,Unclassified,0,3,0,32.33333333333333
suit for eviction of tenant format,Decision,0,3,0,2
talk to a lawyer,Action,0,3,0,12
unpaid pune,Unclassified,0,3,0,16
vakil app,Action,0,3,0,1
vakil bhai,Action,0,3,0,2
vakil hai,Action,0,3,0,10.666666666666666
"vakil saheb online, lawyer & law firm",Action,0,3,0,12
vakili,Unclassified,0,3,0,3.6666666666666665
vakilonline,Unclassified,0,3,0,10.333333333333334
vidhik notice in hindi,Unclassified,0,3,0,13.333333333333334
vousy case meaning,Awareness,0,3,0,1
wakil court,Unclassified,0,3,0,1
what is recovery suit,Awareness,0,3,0,3
what is the punishment for mental harassment,Awareness,0,3,0,1
what must be carried by the recovery agent and shown to the customers on demand? 1 point appropriate authority/ authorisation letter legal notices settlement letters all of the above,Awareness,0,3,0,1
how to write a legal notice,Awareness,1,2,50.0,21.5
legal notices online,Action,1,2,50.0,1
myntra legal team,Unclassified,1,2,50.0,3.5
"""bharatiya nyaya sanhita"" section 356 defamation",Awareness,0,2,0,5
138 ni act notice format in hindi,Decision,0,2,0,12
319 2 bns,Awareness,0,2,0,3
356 2 bns in hindi bailable or non bailable,Awareness,0,2,0,6.5
356 bnss,Unclassified,0,2,0,2.5
499 bns,Awareness,0,2,0,1
advocate,Action,0,2,0,2.5
advocate darjeeling,Action,0,2,0,5.5
advocate drafting format,Action,0,2,0,9.5
advocate for money recovery,Action,0,2,0,4.5
advocate legal notice format in tamil,Action,0,2,0,10.5
advocate siliguri,Action,0,2,0,66.5
affordable advocate in gujarat,Action,0,2,0,27.5
after cheque bounce notice period,Unclassified,0,2,0,6.5
after notice,Unclassified,0,2,0,11
all india legal services,Action,0,2,0,8
amount recovery,Unclassified,0,2,0,23.5
application for recovery of money,Unclassified,0,2,0,2.5
arbitration meaning in hindi,Awareness,0,2,0,3
bank legal notice,Unclassified,0,2,0,2.5
bank se notice aaye to kya kare,Unclassified,0,2,0,3
best advocate near me,Action,0,2,0,1
"best legal service company for quick, low-cost consultations by phone",Action,0,2,0,9.5
best money recovery lawyer in bangalore,Action,0,2,0,9
bharatiya nyaya sanhita defamation enforcement,Unclassified,0,2,0,4
bharatiya nyaya sanhita section 356 text,Awareness,0,2,0,9.5
bns 356 what is bns 356,Awareness,0,2,0,9
bns article,Awareness,0,2,0,3
bns notice,Awareness,0,2,0,6
bns section 351 bharatiya nyaya sanhita,Awareness,0,2,0,3.5
bns section 351(2) punishment,Awareness,0,2,0,2
bns section 356 in hindi,Awareness,0,2,0,12
bns section for criminal intimidation equivalent of ipc 506,Awareness,0,2,0,9.5
breach of contract types,Unclassified,0,2,0,2.5
ca fees for itr filing,Action,0,2,0,32
ca for itr,Unclassified,0,2,0,11
ca online for itr,Action,0,2,0,5.5
can i file a police complaint if someone is not returning my money,Action,0,2,0,1
can i send divorce notice without lawyer,Action,0,2,0,9.5
can i send legal notice without lawyer in india,Action,0,2,0,6.5
can legal notice be sent by email,Unclassified,0,2,0,19.5
can recovery agent visit your house without permission,Unclassified,0,2,0,3
can you send a legal notice without a lawyer,Action,0,2,0,10.5
cheque bounce format,Decision,0,2,0,6
cheque bounce message format,Decision,0,2,0,60
cheque bounce refer to drawer,Unclassified,0,2,0,1
civil lawyer near me,Action,0,2,0,24.5
civil suit for recovery of money india procedure,Unclassified,0,2,0,3
company vakil,Action,0,2,0,20
complaint against person not returning money,Unclassified,0,2,0,1
consumer court complaint,Unclassified,0,2,0,3
consumer court mail id,Unclassified,0,2,0,1
corporate lawyer near me,Action,0,2,0,6.5
cost notice,Action,0,2,0,4
cost of online legal notice for consumer dispute india,Action,0,2,0,2.5
cost of public notice in newspaper,Action,0,2,0,3
cost of sending legal notice by labour lawyer in india,Action,0,2,0,5
court vakil latest,Action,0,2,0,13.5
criminal lawyer siliguri,Action,0,2,0,48.5
cyber defamation,Unclassified,0,2,0,1
data security and recovery in ludhiana,Unclassified,0,2,0,16.5
debt recovery notice,Unclassified,0,2,0,8
defamation act,Awareness,0,2,0,3.5
defamation case,Unclassified,0,2,0,2
defamation cognizable offence,Unclassified,0,2,0,1
defamation in bharatiya nyaya sanhita,Unclassified,0,2,0,12
defamation notice sample,Decision,0,2,0,8
defamation section in bharatiya nyaya sanhita bns india,Awareness,0,2,0,3.5
defamation suit format pdf india,Decision,0,2,0,1
delhi vakil,Action,0,2,0,4.5
demand notice,Unclassified,0,2,0,1.5
do legal notices need to be signed,Unclassified,0,2,0,11.5
draft,Action,0,2,0,1
draft for me,Action,0,2,0,2.5
draft notice,Action,0,2,0,3.5
drafting meaning in hindi,Awareness,0,2,0,2
drafting template,Decision,0,2,0,3.5
drafts templates,Unclassified,0,2,0,6.5
effectiveness of legal notice in consumer disputes india timeline success rate,Unclassified,0,2,0,1
effectiveness of legal notice in settling consumer disputes india,Unclassified,0,2,0,4.5
eviction notice form pdf,Unclassified,0,2,0,1
eviction notice india,Unclassified,0,2,0,30.5
eviction notice lawyer,Action,0,2,0,4
eviction notice template,Decision,0,2,0,1
eviction suit,Unclassified,0,2,0,1
fake case punishment,Unclassified,0,2,0,1
fake legal notice,Unclassified,0,2,0,43.5
fatak pay legal notice,Unclassified,0,2,0,1
flipkart address for legal notice,Unclassified,0,2,0,1
for defamation,Unclassified,0,2,0,2
format of a legal notice,Decision,0,2,0,3
format of legal notice in india,Decision,0,2,0,5.5
format of legal notice under section 138 negotiable instruments act india sample,Decision,0,2,0,10
format of reply to legal notice under section 138,Decision,0,2,0,5
free consultation divorce lawyer,Action,0,2,0,7
free eviction notice pdf,Unclassified,0,2,0,1
fssai food license apply online,Action,0,2,0,49
fssai food license registration online,Action,0,2,0,57
fssai online registration,Action,0,2,0,50
get a notice,Unclassified,0,2,0,1
get your lawyers,Unclassified,0,2,0,8
grahak manch complaint,Unclassified,0,2,0,1
gst online,Action,0,2,0,45.5
gstin apply,Action,0,2,0,16.5
hire a lawyer in bangalore,Action,0,2,0,79.5
hire a lawyer online,Action,0,2,0,2
hire online lawyer,Action,0,2,0,1.5
how effective is legal notice for carpenter furniture shop refund india,Unclassified,0,2,0,9
how long does legal notice take to work on shopkeeper india consumer case,Unclassified,0,2,0,10.5
how much do lawyers charge for legal advice,Action,0,2,0,12
how much does a legal consultation cost,Action,0,2,0,1
how much legal notice cost,Action,0,2,0,7
how much to hire a lawyer,Action,0,2,0,5.5
how to check legal notice is real or fake,Awareness,0,2,0,12
how to file a case for not returning money,Action,0,2,0,1
how to identify fake legal notice,Awareness,0,2,0,2
how to send notice to landlord,Action,0,2,0,12.5
illegal notice kya hota hai,Unclassified,0,2,0,2.5
india code bharatiya nyaya sanhita 2023 section 356 defamation text,Awareness,0,2,0,7.5
indian lawyer,Action,0,2,0,3
indian legal notice format,Decision,0,2,0,32.5
indian penal code section 356 assault or criminal force in attempt to commit theft of property carried by a person punishment,Awareness,0,2,0,4.5
indian penal code section 356 sub section 4,Awareness,0,2,0,2
insolvency suit for fee as per karnataka lawyer,Action,0,2,0,7.5
instant gst registration,Action,0,2,0,19.5
ipc section 356 sub section 4 meaning,Awareness,0,2,0,2
ipc section 356 subsection 4,Awareness,0,2,0,2
issue notice in court,Unclassified,0,2,0,6.5
law firm near me,Action,0,2,0,24
law firm siliguri,Unclassified,0,2,0,46
law firms,Unclassified,0,2,0,1.5
lawyer fees india,Action,0,2,0,80.5
lawyer hire,Action,0,2,0,1
lawyer hire rate,Action,0,2,0,3
lawyer near me for legal notice,Action,0,2,0,9.5
lawyer online,Action,0,2,0,8
lawyer online india,Action,0,2,0,14
lawyer questions online,Action,0,2,0,13
lawyers price,Action,0,2,0,1
legal action,Unclassified,0,2,0,2.5
legal advice in india,Awareness,0,2,0,99
legal advisory for debt recovery proceedings,Unclassified,0,2,0,1
legal agreement,Unclassified,0,2,0,42
legal consultation,Action,0,2,0,9
legal costs for legal advice,Unclassified,0,2,0,18.5
legal divorce notice,Unclassified,0,2,0,1
legal expert near me,Action,0,2,0,15.5
legal money pay bill,Unclassified,0,2,0,1
legal not,Unclassified,0,2,0,6.5
legal notice 138 ni act format in hindi,Decision,0,2,0,12
legal notice against builder,Unclassified,0,2,0,21.5
legal notice amazon,Unclassified,0,2,0,1
legal notice document,Unclassified,0,2,0,1
legal notice email,Unclassified,0,2,0,10.5
legal notice example,Unclassified,0,2,0,10.5
legal notice for non payment of rent,Unclassified,0,2,0,9
legal notice for property dispute,Unclassified,0,2,0,16.5
legal notice for recovery of money format india,Decision,0,2,0,5
legal notice for recovery of money pakistan,Unclassified,0,2,0,4.5
legal notice format for breach of contract,Decision,0,2,0,5
legal notice format for recovery of money in marathi,Decision,0,2,0,2
legal notice format in hindi pdf free download,Action,0,2,0,6.5
legal notice formats,Unclassified,0,2,0,4
legal notice in bangalore,Unclassified,0,2,0,2
legal notice issued by advocate,Action,0,2,0,1
legal notice kaisa hota hai,Unclassified,0,2,0,2
legal notice management software,Unclassified,0,2,0,70.5
legal notice response time in consumer disputes india,Unclassified,0,2,0,9.5
legal notice to evict tenant,Unclassified,0,2,0,6.5
legal notices website,Unclassified,0,2,0,1
legal opinion letter cost,Action,0,2,0,8
legal services,Action,0,2,0,3.5
legal warning india,Unclassified,0,2,0,5.5
legal-notice,Unclassified,0,2,0,8.5
legaltech bangalore,Unclassified,0,2,0,1
loan ka legal notice kya hota hai,Unclassified,0,2,0,3
loan recovery money legal notice format,Decision,0,2,0,4
loan recovery notice format in hindi,Decision,0,2,0,6.5
lower vakil,Action,0,2,0,1
maintenance petition by wife format,Decision,0,2,0,1
make notice online,Action,0,2,0,9.5
mandatory injunction for apology in defamation india,Unclassified,0,2,0,10
manhani case punishment,Unclassified,0,2,0,1
mental harassment by neighbour,Unclassified,0,2,0,3
mental harassment case,Unclassified,0,2,0,3
money dispute lawyers,Unclassified,0,2,0,4
money not giving back case,Unclassified,0,2,0,2
money recovery lawyer,Action,0,2,0,3.5
money recovery lawyer in india,Action,0,2,0,17
money recovery suit under cpc,Unclassified,0,2,0,3
money suit case,Unclassified,0,2,0,1.5
money suit case law,Unclassified,0,2,0,7
newlegalformats,Unclassified,0,2,0,12
ni act 138,Awareness,0,2,0,2
notice kya hota hai,Unclassified,0,2,0,2.5
notice of charges,Action,0,2,0,24.5
notice of eviction to tenant,Unclassified,0,2,0,1
notice of harassment,Unclassified,0,2,0,11
notice to tenant,Unclassified,0,2,0,2
notice under negotiable instruments act,Awareness,0,2,0,13.5
notice will,Unclassified,0,2,0,9
nykaa grievance officer,Unclassified,0,2,0,7.5
online complaint for salary not paid,Action,0,2,0,3
online legal agreement,Action,0,2,0,8.5
online notices,Action,0,2,0,3.5
p.j. shah advocate notice,Action,0,2,0,4.5
paid legal services,Action,0,2,0,1
payment lawyers,Unclassified,0,2,0,12
percentage of consumer cases settle after legal notice india,Unclassified,0,2,0,1
plaint format for recovery of money,Decision,0,2,0,3.5
please clear the outstanding amount,Unclassified,0,2,0,1
police complaint for recovery of money,Unclassified,0,2,0,1
porn news supreme court,Unclassified,0,2,0,2
property advocates in coimbatore,Unclassified,0,2,0,11
property lawyer fees in bangalore,Action,0,2,0,57
property lawyer in siliguri,Action,0,2,0,38
property lawyer near me,Action,0,2,0,22
rbi guidelines for loan recovery in hindi,Unclassified,0,2,0,2.5
rc notice full form,Unclassified,0,2,0,1
recovery money,Unclassified,0,2,0,1
recovery money suit,Unclassified,0,2,0,1
recovery notice format pdf,Decision,0,2,0,1
recovery of payment,Unclassified,0,2,0,1.5
recovery suit filed under which section,Decision,0,2,0,1
recovery suit limitation,Unclassified,0,2,0,8.5
rent agreement,Unclassified,0,2,0,3.5
request notice,Unclassified,0,2,0,8.5
sample of eviction letter,Decision,0,2,0,2.5
section 138 ni act 15 days from receipt of notice,Awareness,0,2,0,9
section 138 ni act demand notice timeline,Awareness,0,2,0,9
security agreements lawyers in india,Awareness,0,2,0,22
sexual harassment notice,Unclassified,0,2,0,5
sexual harassment notice in workplace,Unclassified,0,2,0,3
siliguri advocate,Action,0,2,0,48.5
siliguri lawyer,Action,0,2,0,27.5
steps to recover money from vatika after winning the case,Unclassified,0,2,0,13
supreme court advocate,Action,0,2,0,3.5
tech legal services,Action,0,2,0,66
tenant eviction notice india,Unclassified,0,2,0,60
timeline for legal notice in consumer disputes india,Unclassified,0,2,0,7.5
trade license,Unclassified,0,2,0,3
trade license visakhapatnam,Unclassified,0,2,0,90.5
typical time for response to legal notice in consumer disputes india,Unclassified,0,2,0,11
udit sharma and associates advocates and legal consultants,Unclassified,0,2,0,3
vakil contact number near me,Action,0,2,0,8
vakil delhi latest,Action,0,2,0,15
vakil desk,Action,0,2,0,17
vakil giri,Action,0,2,0,2
vakil ke,Action,0,2,0,1
vakil online free,Action,0,2,0,1
vakil search,Action,0,2,0,6
vakil sharma,Action,0,2,0,12
vakil spelling,Action,0,2,0,2
vakil tamil,Action,0,2,0,15
vakilai,Unclassified,0,2,0,4.5
vakilbabu,Unclassified,0,2,0,37
"vakils, business service",Action,0,2,0,17.5
vakilvakil,Unclassified,0,2,0,3
vakilwiki,Unclassified,0,2,0,15
what can you do legally if someone owes you money,Awareness,0,2,0,1
what does a legal notice look like,Awareness,0,2,0,3
what is a legal notice?,Awareness,0,2,0,21.5
what is advocate notice,Action,0,2,0,13
what is notice period recovery,Awareness,0,2,0,3
what is the format of legal notice,Decision,0,2,0,1
write a legal notice,Unclassified,0,2,0,7.5
zepto grievance officer email id,Unclassified,0,2,0,6
divorce notice sent to wife pdf download,Action,1,1,100,6
how much it cost to send legal notice,Action,1,1,100,1
legal notice from landlord to tenant,Unclassified,1,1,100,2
suit for recovery of money under section,Unclassified,1,1,100,3
"""bharatiya nyaya sanhita"" section 19",Awareness,0,1,0,3
#moneyrecovery,Unclassified,0,1,0,2
112 bns cognizable or not,Awareness,0,1,0,3
118 1 bns is cognizable or not,Awareness,0,1,0,2
138 b act in hindi,Awareness,0,1,0,3
138 case if accused not received legal notice,Unclassified,0,1,0,74
138 ka notice kya hota hai,Unclassified,0,1,0,2
138 ni act in hindi,Awareness,0,1,0,3
138 ni act limitation period in hindi,Awareness,0,1,0,3
138 ni act me notice time limit,Awareness,0,1,0,13
138 notice format in hindi,Decision,0,1,0,10
138 notice format in word,Decision,0,1,0,27
24 hour lawyer near me,Action,0,1,0,8
336(2) bns,Awareness,0,1,0,2
336(3) bns punishment,Awareness,0,1,0,2
351 2 bns,Awareness,0,1,0,3
351 3 bns compoundable or not,Awareness,0,1,0,3
351 bns in ipc,Awareness,0,1,0,3
351(1) bns,Awareness,0,1,0,3
351(2 bns cognizable or not),Awareness,0,1,0,2
356 case,Unclassified,0,1,0,1
356 case details,Unclassified,0,1,0,1
356 ipc in bns in hindi,Awareness,0,1,0,9
499 ipc in bns,Awareness,0,1,0,19
66 d bns,Awareness,0,1,0,1
80 cpc notice,Unclassified,0,1,0,3
[contract drafting lawyers],Unclassified,0,1,0,79
a p judgment recovery company,Unclassified,0,1,0,2
act 166 kya hai,Awareness,0,1,0,3
advocate chandrapur,Action,0,1,0,19
advocate consultation online,Action,0,1,0,1
advocate cost,Action,0,1,0,1
advocate for divorce,Action,0,1,0,29
advocate for recovery,Action,0,1,0,1
advocate job opportunities,Action,0,1,0,3
advocate lane alerts legal settlement,Action,0,1,0,10
advocate legal notice for cheque bounce format pdf,Action,0,1,0,10
advocate letterhead sample india,Action,0,1,0,33
advocate money,Action,0,1,0,17
advocate notice sample,Action,0,1,0,11
advocate online,Action,0,1,0,1
advocate sahab,Action,0,1,0,1
advocates online fees,Action,0,1,0,1
affidavit,Unclassified,0,1,0,1
after how many days recovery agent come home,Unclassified,0,1,0,1
agar boss salary na de to kya kare,Unclassified,0,1,0,3
alabama eviction notice form,Unclassified,0,1,0,1
"all india advocate, legal service",Action,0,1,0,16
all legal drafting format pdf,Decision,0,1,0,8
amazon legal notice,Unclassified,0,1,0,1
amazon legal notice address,Unclassified,0,1,0,1
amount is small,Unclassified,0,1,0,4
apply fssai licence online,Action,0,1,0,30
article 356 bns,Awareness,0,1,0,8
as lawyer,Action,0,1,0,6
ask a lawyer,Action,0,1,0,22
bajaj finance chennai head office contact number,Unclassified,0,1,0,2
bajaj finance recovery agency contact number,Unclassified,0,1,0,3
bank loan recovery notice format,Decision,0,1,0,7
bank se notice kab aata hai,Unclassified,0,1,0,3
best civil lawyer in siliguri,Action,0,1,0,30
best lawyer for money recovery,Action,0,1,0,1
best lawyer in india currently,Action,0,1,0,19
best money recovery lawyer in kolkata,Action,0,1,0,38
best online lawyer consultation india,Action,0,1,0,1
best online legal services india,Action,0,1,0,5
best prepaid legal services,Action,0,1,0,6
"bharatiya nyaya sanhita (bns), 2023",Awareness,0,1,0,8
bharatiya nyaya sanhita 356 sections how many ipc provisions removed,Awareness,0,1,0,5
bharatiya nyaya sanhita defamation section enforcement,Unclassified,0,1,0,11
bns,Awareness,0,1,0,3
bns 351,Awareness,0,1,0,1
bns 351(2),Awareness,0,1,0,2
bns 356 1,Awareness,0,1,0,1
bns 356 section in hindi,Awareness,0,1,0,8
bns 356 इन हिंदी,Awareness,0,1,0,10
bns 499,Awareness,0,1,0,11
bns act 356 in hindi,Awareness,0,1,0,10
bns criminal intimidation section number,Awareness,0,1,0,7
bns equivalent of ipc 499 500,Awareness,0,1,0,11
bns equivalent of ipc 506 criminal intimidation,Awareness,0,1,0,12
bns section,Awareness,0,1,0,3
bns section 336 punishment,Awareness,0,1,0,1
bns section 352 india,Awareness,0,1,0,3
bns section 356 malayalam,Awareness,0,1,0,1
bns section 506 criminal intimidation,Awareness,0,1,0,6
bns section for criminal defamation,Awareness,0,1,0,1
bnss 356 in hindi,Unclassified,0,1,0,3
book lawyer online,Action,0,1,0,1
breach notice,Unclassified,0,1,0,1
breach of contract,Unclassified,0,1,0,6
breach of contract fee,Action,0,1,0,12
breach of contract in law,Unclassified,0,1,0,3
breach of contract settlement,Unclassified,0,1,0,7
breach of lease agreement,Unclassified,0,1,0,1
brief case,Unclassified,0,1,0,5
can accused file a criminal deformation case against complaint in a pretext og marriage case,Action,0,1,0,1
can i complaint to police if someone owes you money,Unclassified,0,1,0,1
can i file a police complaint for not returning money,Action,0,1,0,1
can i file fir against someone who borrowed money,Action,0,1,0,3
can i file fir for mental harassment,Action,0,1,0,2
can i send legal notice through whatsapp,Action,0,1,0,12
can i sue a company for not giving me a refund,Unclassified,0,1,0,2
can legal notice be send without lawyer,Action,0,1,0,32
can legal notice be sent by whatsapp,Unclassified,0,1,0,77
can we file defamation case against police,Action,0,1,0,1
can we file fir if someone is not returning money,Action,0,1,0,1
canara bank online complaint portal,Action,0,1,0,4
case of defamation,Unclassified,0,1,0,1
case strength,Unclassified,0,1,0,11
cash recovery,Unclassified,0,1,0,3
cat lawyer fees in delhi,Action,0,1,0,1
cease and desist letter for harassment and defamation,Unclassified,0,1,0,1
charged legal services,Action,0,1,0,15
chartered accountant for itr filing,Unclassified,0,1,0,88
chat with a lawyer online,Action,0,1,0,2
cheap advocate,Action,0,1,0,4
cheap lawyer near me,Action,0,1,0,9
cheating and fraud case,Unclassified,0,1,0,1
check bounce case in hindi,Unclassified,0,1,0,3
check bounce case punishment in hindi,Unclassified,0,1,0,3
check bounce legal action,Unclassified,0,1,0,10
check return notice,Unclassified,0,1,0,9
chennai tenant landlord key dispute,Unclassified,0,1,0,10
cheque bounce case status,Unclassified,0,1,0,1
cheque bounce complaint online,Action,0,1,0,3
cheque bounce hone par kya ho sakta hai,Unclassified,0,1,0,3
cheque bounce hone se kya hota hai,Unclassified,0,1,0,3
cheque bounce in hindi,Unclassified,0,1,0,3
cheque bounce lawyer,Action,0,1,0,8
cheque bounce lawyer near me,Action,0,1,0,1
cheque bounce mumbai draft,Action,0,1,0,4
cheque bounce notice format in hindi,Decision,0,1,0,10
cheque dishonor notice,Unclassified,0,1,0,13
civil and criminal defamation,Unclassified,0,1,0,1
civil and criminal lawyer,Action,0,1,0,2
civil case me kya hota hai,Unclassified,0,1,0,3
civil court se,Unclassified,0,1,0,9
civil defamation court fees,Action,0,1,0,1
civil legal notice,Unclassified,0,1,0,10
civil notice,Unclassified,0,1,0,12
civil recovery,Unclassified,0,1,0,1
civil recovery suit section,Unclassified,0,1,0,1
civil suit for money recovery,Unclassified,0,1,0,1
civil suit for recovery,Unclassified,0,1,0,3
commercial act 2015,Awareness,0,1,0,3
commercial suit for recovery of money,Unclassified,0,1,0,3
company complaint,Unclassified,0,1,0,2
company legal documents,Unclassified,0,1,0,14
complaint against bajaj finance recovery agent,Unclassified,0,1,0,2
complaint against shopkeeper,Unclassified,0,1,0,1
complaint customer,Unclassified,0,1,0,1
complaint for refund amount,Unclassified,0,1,0,3
complaint notice,Unclassified,0,1,0,8
complaints,Unclassified,0,1,0,1
complaints@india1.co.in,Unclassified,0,1,0,3
compromise agreements lawyers in india,Awareness,0,1,0,95
consult,Action,0,1,0,1
consult advocate online,Action,0,1,0,1
consultation,Action,0,1,0,13
consultation fee for advocate,Action,0,1,0,13
consultation lawyer fee,Action,0,1,0,8
consultation with advocate,Action,0,1,0,11
consumer complaint india,Unclassified,0,1,0,1
consumer complaints,Unclassified,0,1,0,2
consumer court surat,Unclassified,0,1,0,1
consumer forum complaint for online order,Action,0,1,0,3
consumer forum complaint mail id,Unclassified,0,1,0,1
consumer forum complaint west bengal,Unclassified,0,1,0,1
consumer forum pune,Unclassified,0,1,0,1
consumer protection complaint,Unclassified,0,1,0,1
consumer redressal forum,Unclassified,0,1,0,1
contempt of court notice format,Decision,0,1,0,5
contract,Unclassified,0,1,0,2
contract drafting service,Action,0,1,0,35
contract law expert,Unclassified,0,1,0,13
contract violation meaning,Awareness,0,1,0,1
cost of lawyer,Action,0,1,0,1
cost of lawyers per hour,Action,0,1,0,1
court format,Decision,0,1,0,6
court ka notice,Unclassified,0,1,0,3
court ka notice kaisa hota hai,Unclassified,0,1,0,3
court legal notice format,Decision,0,1,0,2
court notice,Unclassified,0,1,0,1
court notice for property disputes,Unclassified,0,1,0,12
court notice meaning,Awareness,0,1,0,3
court notice paper,Unclassified,0,1,0,2
court se notice kitne din mein aata hai,Unclassified,0,1,0,3
court se samman kya hota hai,Unclassified,0,1,0,3
court send,Action,0,1,0,10
crime notice,Unclassified,0,1,0,5
criminal advocate near me,Action,0,1,0,33
criminal case for recovery of money,Unclassified,0,1,0,3
criminal complaint,Unclassified,0,1,0,3
criminal defamation,Unclassified,0,1,0,3
criminal defamation case,Unclassified,0,1,0,4
criminal defamation ipc,Awareness,0,1,0,1
criminal lawyer consultation fee,Action,0,1,0,1
cyber defamation in india,Awareness,0,1,0,2
debt court,Unclassified,0,1,0,1
debt legal,Unclassified,0,1,0,2
debt recovery,Unclassified,0,1,0,1
debt recovery legal notice,Unclassified,0,1,0,45
defamation (libel/slander),Unclassified,0,1,0,1
defamation 356 bns,Awareness,0,1,0,1
defamation bns punishment,Awareness,0,1,0,13
defamation case in india,Awareness,0,1,0,1
defamation case ipc section,Awareness,0,1,0,1
defamation case law,Unclassified,0,1,0,3
defamation case law india,Unclassified,0,1,0,1
defamation case section,Unclassified,0,1,0,3
defamation complaint,Unclassified,0,1,0,3
defamation concerns notice template,Decision,0,1,0,1
defamation criminal code canada,Unclassified,0,1,0,1
defamation dhara,Unclassified,0,1,0,3
defamation in bharatiya nyaya sanhita section,Unclassified,0,1,0,10
defamation in ipc section,Awareness,0,1,0,1
defamation in kannada,Unclassified,0,1,0,1
defamation india,Unclassified,0,1,0,1
defamation is cognizable or non cognizable,Unclassified,0,1,0,1
defamation law,Unclassified,0,1,0,3
defamation meaning,Awareness,0,1,0,1
defamation meaning in hindi law,Awareness,0,1,0,1
defamation meaning in law,Awareness,0,1,0,3
defamation privilege,Unclassified,0,1,0,3
defamation sec,Unclassified,0,1,0,3
defamation sections in bharatiya nyaya sanhita bns india,Awareness,0,1,0,9
defamation under bharatiya nyaya sanhita section 356,Awareness,0,1,0,10
defamation?,Unclassified,0,1,0,2
definition of defamation in bns,Awareness,0,1,0,1
deformation case,Unclassified,0,1,0,1
delhi high court lawyer fees,Action,0,1,0,1
delhi vakil latest,Action,0,1,0,26
demand letter attorney near me,Action,0,1,0,3
demand letter for outstanding payment,Unclassified,0,1,0,1
demand notice draft,Action,0,1,0,10
demand notice kaise bheje,Unclassified,0,1,0,1
demand notice kya hota hai,Unclassified,0,1,0,3
dhara 356 bns,Awareness,0,1,0,9
difference between civil and criminal defamation in india,Decision,0,1,0,5
difference between summon and notice,Decision,0,1,0,1
dispute form jk bank,Unclassified,0,1,0,3
district consumer court,Unclassified,0,1,0,1
district consumer dispute redressal commission,Unclassified,0,1,0,1
district consumer forum hyderabad,Unclassified,0,1,0,44
district court,Unclassified,0,1,0,3
divorce,Unclassified,0,1,0,12
divorce case,Unclassified,0,1,0,4
divorce gwalior,Unclassified,0,1,0,8
divorce ka notice kaisa hota hai,Unclassified,0,1,0,3
divorce lene ka process,Unclassified,0,1,0,3
divorce litigation,Unclassified,0,1,0,10
divorce notice format in hindi,Decision,0,1,0,4
divorce notice kaise bheje,Unclassified,0,1,0,3
do lawyers charge per email,Action,0,1,0,13
does a letter of demand need to be sent by a lawyer,Action,0,1,0,1
domestic violence complaint online,Action,0,1,0,3
draft a legal notice to tenant to vacate the shop,Action,0,1,0,11
draft a letter,Action,0,1,0,1
draft complaint under section 138 of negotiable instrument act format,Action,0,1,0,30
draft employment agreement,Action,0,1,0,10
draft for legal notice,Action,0,1,0,1
draft format,Action,0,1,0,1
draft letter,Action,0,1,0,3
draft of complaint,Action,0,1,0,3
draft of notice,Action,0,1,0,1
draft one,Action,0,1,0,2
draft please,Action,0,1,0,5
draft properly,Action,0,1,0,2
draft template,Action,0,1,0,12
drafted legal,Unclassified,0,1,0,36
drafting,Unclassified,0,1,0,1
drafting employment contracts,Unclassified,0,1,0,5
drafting kya hoti hai,Unclassified,0,1,0,3
drafting legal notice,Unclassified,0,1,0,11
drafting of legal notice,Unclassified,0,1,0,20
drt ahmedabad case status,Unclassified,0,1,0,8
dti rules on refund,Unclassified,0,1,0,2
dubai police case reference number,Unclassified,0,1,0,4
dv notice,Unclassified,0,1,0,1
e daakhil consumer court online complaint,Action,0,1,0,1
e notice,Unclassified,0,1,0,8
effectiveness of legal notice in consumer disputes india resolution time,Unclassified,0,1,0,5
emotional harassment law,Unclassified,0,1,0,1
employee harassment act in india,Awareness,0,1,0,3
employment agreement builder,Unclassified,0,1,0,87
employment agreement drafting,Unclassified,0,1,0,8
employment agreement india,Unclassified,0,1,0,97
employment lawyer near me,Action,0,1,0,1
encroachment eviction notice,Unclassified,0,1,0,1
eviction expert,Unclassified,0,1,0,3
eviction lawyer fees,Action,0,1,0,1
eviction letter for family member,Unclassified,0,1,0,1
eviction letter template,Decision,0,1,0,4
eviction notice dubai,Unclassified,0,1,0,1
eviction notice for san pedro fish market,Unclassified,0,1,0,2
eviction notice meaning in hindi,Awareness,0,1,0,2
eviction notice sample jamaica,Decision,0,1,0,3
eviction notice template uk pdf,Decision,0,1,0,2
eviction notice to tenant format,Decision,0,1,0,10
eviction papers,Unclassified,0,1,0,9
eviction petition,Unclassified,0,1,0,1
eviction petition format,Decision,0,1,0,2
eviction process in india,Awareness,0,1,0,61
eviction suit format pdf,Decision,0,1,0,2
examples of eviction notice letters,Unclassified,0,1,0,2
exception of defamation,Unclassified,0,1,0,1
exceptions to defamation,Unclassified,0,1,0,7
expert lawyers,Unclassified,0,1,0,4
fake sc st case punishment,Unclassified,0,1,0,3
false case section,Unclassified,0,1,0,1
fast legal advice,Unclassified,0,1,0,11
fee for lawyer,Action,0,1,0,1
file a complaint against a person,Action,0,1,0,3
file defamation case online,Action,0,1,0,1
filing a complaint,Unclassified,0,1,0,1
final notice for payment before legal action,Unclassified,0,1,0,1
fir se check karo,Unclassified,0,1,0,9
firmat,Unclassified,0,1,0,2
flipkart grievance officer contact details 2026,Unclassified,0,1,0,8
flipkart grievance officer email 2026,Unclassified,0,1,0,8
flipkart grievance officer email id,Unclassified,0,1,0,9
food license fssai registration in bangalore,Action,0,1,0,89
for notice,Unclassified,0,1,0,1
format of legal notice by advocate,Action,0,1,0,4
format of notice writing,Decision,0,1,0,2
forms for eviction notice,Unclassified,0,1,0,1
free eviction notice forms,Unclassified,0,1,0,1
free eviction template pdf,Decision,0,1,0,1
free law consultation,Action,0,1,0,16
free legal advice for property,Unclassified,0,1,0,4
free legal advice toll free number,Unclassified,0,1,0,4
free legal drafting format,Decision,0,1,0,27
free pdf eviction notice,Unclassified,0,1,0,1
free printable eviction notice alabama,Unclassified,0,1,0,1
free printable eviction notice pdf,Unclassified,0,1,0,4
friend not returning money police complaint,Unclassified,0,1,0,1
fssai,Unclassified,0,1,0,44
fssai apply online,Action,0,1,0,48
fssai license apply,Action,0,1,0,91
fssai license fee for home kitchen,Action,0,1,0,69
fssai license online,Action,0,1,0,76
fssai online application,Action,0,1,0,48
fssai registration and licensing,Action,0,1,0,92
fssai registration apply,Action,0,1,0,34
fssai registration in mumbai,Action,0,1,0,94
fssai registration mumbai,Action,0,1,0,92
fssai registration up online,Action,0,1,0,66
full amount,Unclassified,0,1,0,1
garnishee awareness notice,Unclassified,0,1,0,13
gepty notice,Unclassified,0,1,0,3
get lawyer advice online,Action,0,1,0,2
ghar khali karne ka notice in hindi,Unclassified,0,1,0,3
give me a draft,Action,0,1,0,8
golegal,Unclassified,0,1,0,6
good civil lawyers near me,Action,0,1,0,30
good lawyer near me,Action,0,1,0,9
grievanceofficer@myntra.com,Unclassified,0,1,0,11
gst penalty in hindi,Unclassified,0,1,0,3
harassment,Unclassified,0,1,0,1
harassment complaint,Unclassified,0,1,0,1
high court ke vakil ki fees,Action,0,1,0,2
hire an attorney online,Action,0,1,0,8
hire document review attorney india,Action,0,1,0,15
hire lawyer in india,Action,0,1,0,3
hire lawyers,Action,0,1,0,14
how legal notice look like,Unclassified,0,1,0,2
how much are eviction notices,Unclassified,0,1,0,18
how much does a lawyer charge to write a letter,Action,0,1,0,1
how much does a lawyer cost in india,Action,0,1,0,36
how much does it cost for legal advice,Action,0,1,0,1
how much does it cost to give notice,Action,0,1,0,1
how much legal,Unclassified,0,1,0,13
how much legal advice cost,Action,0,1,0,1
how much time it takes to evict tenant,Unclassified,0,1,0,1
how much to get a lawyer,Action,0,1,0,11
how to apply divorce notice,Action,0,1,0,3
how to check stay order from court online,Action,0,1,0,3
how to complaint consumer court,Awareness,0,1,0,1
how to file a complaint against a person online,Action,0,1,0,3
how to file a complaint for not getting paid,Action,0,1,0,3
how to file a defamation case,Action,0,1,0,1
how to file case in consumer forum,Action,0,1,0,1
how to file complaint in msme for non payment,Action,0,1,0,3
how to file consumer complaint online,Action,0,1,0,1
how to file defamation case,Action,0,1,0,4
how to file fir for money cheating,Action,0,1,0,3
how to file money cheating case online,Action,0,1,0,3
how to fir online,Action,0,1,0,1
how to get a legal eviction notice,Awareness,0,1,0,1
how to get gstin number free,Awareness,0,1,0,58
how to get money back from a friend legally,Awareness,0,1,0,1
how to give notice,Awareness,0,1,0,2
how to hire lawyer,Action,0,1,0,3
how to know if a case is filed against you,Awareness,0,1,0,1
how to know the status of cyber crime complaint,Awareness,0,1,0,2
how to recover outstanding dues,Awareness,0,1,0,1
how to send demand notice,Action,0,1,0,11
how to send eviction notice,Action,0,1,0,12
how to send legal notice to amazon india,Action,0,1,0,15
how to send legal notice to employer for not paying salary,Action,0,1,0,10
how to send legal notice to someone without a lawyer,Action,0,1,0,1
how to send notice to tenant to vacate,Action,0,1,0,13
how to send notice to vacate rental property,Action,0,1,0,3
how to vacate a tenant,Awareness,0,1,0,1
how to write an eviction letter,Awareness,0,1,0,3
how to write an eviction notice,Awareness,0,1,0,3
how to write legal notice format,Decision,0,1,0,3
husband harassment complaint,Unclassified,0,1,0,2
i need money for a lawyer,Action,0,1,0,1
if police not taking complaint,Unclassified,0,1,0,1
if police refuse to take complaint,Unclassified,0,1,0,3
important bns sections in hindi,Awareness,0,1,0,3
in bns,Awareness,0,1,0,7
in case of cheque bouncing what is the permissible punishment,Awareness,0,1,0,3
in consultation,Action,0,1,0,13
in court,Unclassified,0,1,0,3
in criminal cases,Unclassified,0,1,0,2
in kannda,Unclassified,0,1,0,5
incase360,Unclassified,0,1,0,3
india limitation period suit for recovery of money 3 years,Unclassified,0,1,0,7
india tenant eviction notice period 30 days,Unclassified,0,1,0,8
indian legal services,Action,0,1,0,8
indian penal code section 356 assault or criminal force in attempt to commit theft of property carried by a person,Awareness,0,1,0,5
indian penal code section 356(4),Awareness,0,1,0,2
information petition in hindi,Unclassified,0,1,0,3
initial consultation fee property lawyer bangalore,Action,0,1,0,8
ip consultant,Unclassified,0,1,0,2
ip lawyer,Action,0,1,0,2
ip lawyers,Unclassified,0,1,0,9
ipc 41 section,Awareness,0,1,0,3
ipc 499 in hindi,Awareness,0,1,0,2
ipc 500,Awareness,0,1,0,3
ipc defamation,Awareness,0,1,0,1
ipc had 511 sections bns 356 how many removed,Awareness,0,1,0,10
ipc section 356,Awareness,0,1,0,1
ipr advocate,Action,0,1,0,2
is criminal defamation cognizable in india,Awareness,0,1,0,7
is legal notice required under consumer protection act 2019 india,Awareness,0,1,0,4
is mental harassment a crime in india,Awareness,0,1,0,3
itr,Unclassified,0,1,0,1
job legal,Unclassified,0,1,0,12
jupiter council for arbitration and mediation in hindi,Unclassified,0,1,0,14
just dial complaint number,Unclassified,0,1,0,2
k shridhara and associates legal notice,Unclassified,0,1,0,1
kanuni notice,Unclassified,0,1,0,1
labour court raipur,Unclassified,0,1,0,2
landlord,Unclassified,0,1,0,1
latest judgement of supreme court on maintenance,Unclassified,0,1,0,1
law advice,Unclassified,0,1,0,2
law against abusive language,Unclassified,0,1,0,1
law firms in siliguri,Unclassified,0,1,0,47
lawyer consult,Action,0,1,0,12
lawyer consultation online india,Action,0,1,0,97
lawyer consultation price,Action,0,1,0,8
lawyer contact number,Action,0,1,0,4
lawyer demand letter cost,Action,0,1,0,25
lawyer fees for consultation,Action,0,1,0,1
lawyer fees in bangalore,Action,0,1,0,8
lawyer for divorce near me,Action,0,1,0,35
lawyer for non payment,Action,0,1,0,7
lawyer notice reply time,Action,0,1,0,3
lawyer online consultation,Action,0,1,0,1
lawyer service online,Action,0,1,0,6
lawyer services online,Action,0,1,0,10
lawyers cheap,Unclassified,0,1,0,9
lawyers firm near me,Action,0,1,0,20
lawyers india,Unclassified,0,1,0,91
lawyers online chat,Action,0,1,0,24
lawyers platform,Unclassified,0,1,0,17
lawyers who take payments,Unclassified,0,1,0,1
lawyers with no consultation fee near me,Action,0,1,0,6
leg notice,Unclassified,0,1,0,1
legal action to recover money owed,Unclassified,0,1,0,1
legal ads,Unclassified,0,1,0,10
legal advice consultation,Action,0,1,0,10
legal advisor fees,Action,0,1,0,1
legal announcement in a newspaper,Unclassified,0,1,0,3
legal case for mental harassment in india,Awareness,0,1,0,1
legal cell,Unclassified,0,1,0,1
legal consultants online,Action,0,1,0,15
legal contract drafting services,Action,0,1,0,42
legal cost,Action,0,1,0,12
legal demand payment,Unclassified,0,1,0,1
legal department bihar,Unclassified,0,1,0,4
legal department in hindi,Unclassified,0,1,0,3
legal department kya hota hai,Unclassified,0,1,0,3
legal dispatch,Unclassified,0,1,0,5
legal document editing,Unclassified,0,1,0,79
legal document file,Action,0,1,0,13
legal document review services,Action,0,1,0,3
legal draft sample,Action,0,1,0,9
legal drafting courses,Unclassified,0,1,0,14
legal drafting format in hindi,Decision,0,1,0,13
legal drafting format in word,Decision,0,1,0,12
legal drafting in hindi,Unclassified,0,1,0,4
legal drafting in hindi pdf notes,Unclassified,0,1,0,1
legal drafting online,Action,0,1,0,14
legal drafting samples,Unclassified,0,1,0,21
legal eviction notice,Unclassified,0,1,0,1
legal experts online,Action,0,1,0,1
legal fee reimbursement,Action,0,1,0,12
legal fees recovery,Action,0,1,0,1
legal firm near me,Action,0,1,0,10
legal help online india,Action,0,1,0,51
legal listings,Unclassified,0,1,0,6
legal litigations,Unclassified,0,1,0,6
legal management,Unclassified,0,1,0,7
legal newspaper,Unclassified,0,1,0,28
legal notice by advocate format,Action,0,1,0,11
legal notice check,Unclassified,0,1,0,49
legal notice delivery,Unclassified,0,1,0,1
legal notice draft in hindi,Action,0,1,0,13
legal notice dubai court,Unclassified,0,1,0,1
legal notice envelope india,Unclassified,0,1,0,39
legal notice for damages format,Decision,0,1,0,2
legal notice for divorce,Unclassified,0,1,0,12
legal notice for non payment of loan format,Decision,0,1,0,1
legal notice for not paying money,Unclassified,0,1,0,11
legal notice for recovery of money in hindi pdf download,Action,0,1,0,6
legal notice for recovery of money india,Unclassified,0,1,0,7
legal notice for recovery of money pdf,Unclassified,0,1,0,4
legal notice form,Unclassified,0,1,0,3
legal notice format consumer complaint india,Decision,0,1,0,4
legal notice format india template,Decision,0,1,0,18
legal notice format tamil,Decision,0,1,0,7
legal notice format template india,Decision,0,1,0,6
legal notice hindi,Unclassified,0,1,0,10
legal notice images,Unclassified,0,1,0,2
legal notice in hindi format,Decision,0,1,0,4
legal notice in hindi pdf,Unclassified,0,1,0,3
legal notice in marathi,Unclassified,0,1,0,2
legal notice ka jawab kaise de,Unclassified,0,1,0,3
legal notice ka matlab,Unclassified,0,1,0,1
legal notice ka matlab kya hota hai,Unclassified,0,1,0,3
legal notice kaise bhejen,Unclassified,0,1,0,1
legal notice kya hai,Unclassified,0,1,0,3
legal notice letter,Unclassified,0,1,0,11
legal notice means,Unclassified,0,1,0,3
legal notice on whatsapp,Unclassified,0,1,0,3
legal notice registered post,Unclassified,0,1,0,1
legal notice reply format,Decision,0,1,0,7
legal notice response template india,Decision,0,1,0,10
legal notice to bank pdf,Unclassified,0,1,0,1
legal notice to quit tenancy,Unclassified,0,1,0,1
legal notice to wife for cruelty,Unclassified,0,1,0,5
legal notice under 138 ni act,Awareness,0,1,0,12
legal notice under consumer protection act,Awareness,0,1,0,6
legal notice under consumer protection act 2019 for deficiency in service,Action,0,1,0,3
legal notice under consumer protection act 2019 india,Awareness,0,1,0,5
legal notice under consumer protection act 2019 section,Awareness,0,1,0,10
legal notice validity,Unclassified,0,1,0,2
legal notice writing format,Decision,0,1,0,6
legal notification,Unclassified,0,1,0,10
legal notification letter,Unclassified,0,1,0,1
legal notifications,Unclassified,0,1,0,1
legal notive,Unclassified,0,1,0,9
legal online services,Action,0,1,0,29
legal payment,Unclassified,0,1,0,11
legal recovery department,Unclassified,0,1,0,1
legal recovery law offices,Unclassified,0,1,0,1
legal service,Action,0,1,0,3
legal service online,Action,0,1,0,1
legal support,Unclassified,0,1,0,4
"legal tech advocates [property verification, divorce, civil, criminal, high court lawyers] photos",Unclassified,0,1,0,6
legal technologies,Unclassified,0,1,0,14
legal warning,Unclassified,0,1,0,11
legal warning letter for payment,Unclassified,0,1,0,1
legal ways to recover money,Unclassified,0,1,0,9
legal writings,Unclassified,0,1,0,14
letter to high court,Unclassified,0,1,0,2
licensed advocate in karnataka,Action,0,1,0,19
limitation for filing execution petition for recovery of money,Unclassified,0,1,0,3
limitation period for money recovery suit,Unclassified,0,1,0,3
limitation period for recovery of money,Unclassified,0,1,0,3
list of non cognizable offence under bns,Awareness,0,1,0,3
litigation lawyer,Action,0,1,0,2
loan legal notice format,Decision,0,1,0,2
loan recall notice,Unclassified,0,1,0,1
loan recovery rbi guidelines in hindi,Unclassified,0,1,0,2
loan recovery wale dhamki de to kya kare,Unclassified,0,1,0,3
loan settlement kitne din me hota hai,Unclassified,0,1,0,3
lok adalat notice means,Unclassified,0,1,0,3
loyer court,Unclassified,0,1,0,1
maanhaani case,Unclassified,0,1,0,1
maintenance act,Awareness,0,1,0,1
maintenance notice,Unclassified,0,1,0,7
makan khali karne ka notice format in hindi,Decision,0,1,0,3
makan khali karne ka notice format in hindi pdf download,Action,0,1,0,2
makan khali karne ka notice in hindi,Unclassified,0,1,0,3
make a draft,Action,0,1,0,9
mana nasta case in english,Unclassified,0,1,0,3
manhani bns,Awareness,0,1,0,2
manhani ka case,Unclassified,0,1,0,3
matrimonial case,Unclassified,0,1,0,1
mc in family court,Unclassified,0,1,0,1
mc notice from court,Unclassified,0,1,0,1
meaning of arbitration in hindi,Awareness,0,1,0,3
mental harassment act,Awareness,0,1,0,1
mental harassment at workplace,Unclassified,0,1,0,3
mental harassment case in india,Awareness,0,1,0,1
mental harassment complaint,Unclassified,0,1,0,7
mental harassment in marriage,Unclassified,0,1,0,2
mental harassment law in india,Awareness,0,1,0,3
mental health harassment,Unclassified,0,1,0,1
meta gst number,Unclassified,0,1,0,23
monetary recovery,Unclassified,0,1,0,8
money case in court,Unclassified,0,1,0,3
money recovery agency in kolkata,Unclassified,0,1,0,2
money recovery in karachi,Unclassified,0,1,0,1
money recovery suit in hindi,Unclassified,0,1,0,2
money recovery suit latest judgments,Unclassified,0,1,0,1
money suit against legal heirs,Unclassified,0,1,0,1
money suit court fees in tamilnadu,Action,0,1,0,3
money view legal notice,Unclassified,0,1,0,1
msme complaint for non payment,Unclassified,0,1,0,2
msme non payment complaint,Unclassified,0,1,0,2
msme payment complaint online,Action,0,1,0,3
my tenant is not vacating my house,Unclassified,0,1,0,1
n i act 138,Awareness,0,1,0,3
n. i. act 138,Awareness,0,1,0,3
national domestic violence hotline text start 88788 2026,Unclassified,0,1,0,8
national domestic violence hotline text start to 88788,Unclassified,0,1,0,4
nearby lawyers,Unclassified,0,1,0,20
nearest lawyer near me,Action,0,1,0,2
negotiable instrument act 1881 section 138,Awareness,0,1,0,1
negotiable instruments act notice of dishonour time limit,Awareness,0,1,0,10
new vakil,Action,0,1,0,8
no fee lawyers,Action,0,1,0,7
no return refund amazon,Unclassified,0,1,0,2
noc complaint,Unclassified,0,1,0,1
noc from advocate,Action,0,1,0,3
noc from advocate format,Action,0,1,0,2
notice case,Unclassified,0,1,0,12
notice for illegal construction,Unclassified,0,1,0,1
notice for maintenance,Unclassified,0,1,0,5
notice frame in 138 ni act,Awareness,0,1,0,1
notice in 138 ni act,Awareness,0,1,0,42
notice kaise bheje,Unclassified,0,1,0,12
notice kitne prakar ke hote hain,Unclassified,0,1,0,2
notice law,Unclassified,0,1,0,12
notice of breach of duty,Unclassified,0,1,0,2
notice of eviction,Unclassified,0,1,0,64
notice of eviction from landlord to tenant,Unclassified,0,1,0,1
notice of intimation charges 15000 pdf,Action,0,1,0,4
notice of lawyer for party,Action,0,1,0,10
notice of legal action,Unclassified,0,1,0,12
notice of maintenance guidelines,Unclassified,0,1,0,1
notice pay recovery,Unclassified,0,1,0,3
notice pay recovery meaning,Awareness,0,1,0,1
notice period for cheque bounce,Unclassified,0,1,0,10
notice rate,Unclassified,0,1,0,1
notice rent,Unclassified,0,1,0,1
notice support,Unclassified,0,1,0,1
notice to pay,Unclassified,0,1,0,1
notice to pay rent or vacate form,Unclassified,0,1,0,1
notice to tenant for not paying rent,Unclassified,0,1,0,1
notice under 138 ni act,Awareness,0,1,0,8
notice under section 138 of negotiable instrument act,Awareness,0,1,0,10
notice under section 138 of ni act,Awareness,0,1,0,9
nykaa legal name,Unclassified,0,1,0,9
nz defamation law,Unclassified,0,1,0,1
on demand legal services,Action,0,1,0,7
online advocate consultation,Action,0,1,0,1
online appointments lawyer,Action,0,1,0,8
online consultation lawyer,Action,0,1,0,1
online consultation with lawyer,Action,0,1,0,11
online criminal lawyer consultation,Action,0,1,0,1
online lawyer consultation chennai,Action,0,1,0,1
online lawyer latest,Action,0,1,0,5
online lawyer services,Action,0,1,0,3
online lawyers advice,Action,0,1,0,51
online lawyers india,Action,0,1,0,1
online legal advice free india,Action,0,1,0,99
online legal drafting,Action,0,1,0,24
online legal india customer care number,Action,0,1,0,65
online legal india fees,Action,0,1,0,1
online petition to collector,Action,0,1,0,1
online wetten legal,Action,0,1,0,1
onlinelegal,Unclassified,0,1,0,9
onlinelegalindia,Unclassified,0,1,0,5
paisa case,Unclassified,0,1,0,1
paise recovery,Unclassified,0,1,0,1
pankaj vakil,Action,0,1,0,2
paper notice charges,Action,0,1,0,1
pay as you go lawyer,Action,0,1,0,4
pay legal,Unclassified,0,1,0,1
payment demand notice,Unclassified,0,1,0,1
percentage of cases settled after legal notice in consumer disputes india,Unclassified,0,1,0,11
percentage of consumer disputes resolved by legal notice india,Unclassified,0,1,0,4
petition e in family court meaning,Awareness,0,1,0,1
petty court,Unclassified,0,1,0,2
plaint for recovery of money pdf,Unclassified,0,1,0,3
please redraft,Unclassified,0,1,0,1
police case for not returning money,Unclassified,0,1,0,1
police complaint for not returning money format,Decision,0,1,0,2
pre cognizance notice,Unclassified,0,1,0,3
pre legal notice,Unclassified,0,1,0,1
pre litigation lok adalat notice,Unclassified,0,1,0,1
premium legal services,Action,0,1,0,5
private vakil,Action,0,1,0,6
private vakil ki salary,Action,0,1,0,77
procedure for consumer grievance redressal,Unclassified,0,1,0,1
proof of service legal notice section 138 ni act,Action,0,1,0,8
property,Unclassified,0,1,0,8
property advocates near me,Action,0,1,0,15
property damage by tenant,Unclassified,0,1,0,6
property dispute india,Unclassified,0,1,0,37
property dispute resolution,Unclassified,0,1,0,56
property dispute resolution india,Unclassified,0,1,0,40
property disputes in india,Awareness,0,1,0,1
property lawyer fees kr puram bangalore,Action,0,1,0,2
property lawyer in india,Action,0,1,0,28
property lawyers bangalore,Unclassified,0,1,0,1
property legal advisor in mumbai,Unclassified,0,1,0,67
provakil official website,Unclassified,0,1,0,10
psychological harassment law,Unclassified,0,1,0,1
public notice in newspaper,Unclassified,0,1,0,1
public notice in newspaper cost,Action,0,1,0,3
raise consumer court complaint,Unclassified,0,1,0,1
rbi complaint mail id,Unclassified,0,1,0,3
recovery agent rbi guidelines in hindi,Unclassified,0,1,0,3
recovery certificate,Unclassified,0,1,0,1
recovery for money,Unclassified,0,1,0,1
recovery lawyer,Action,0,1,0,1
recovery letter to employee,Unclassified,0,1,0,1
recovery of advance payment,Unclassified,0,1,0,9
recovery of amount,Unclassified,0,1,0,1
recovery of money due from employer in labour law,Unclassified,0,1,0,3
recovery of money suit under cpc,Unclassified,0,1,0,3
recovery of payment made by mistake,Unclassified,0,1,0,1
recovery of stridhan by police,Unclassified,0,1,0,3
recovery payment processing,Unclassified,0,1,0,1
recovery proceedings under income tax act,Awareness,0,1,0,3
recovery suit draft,Action,0,1,0,3
recovery suit for money,Unclassified,0,1,0,3
recovery suit limitation period,Unclassified,0,1,0,3
recovery suit time limit,Awareness,0,1,0,3
recovery suit under commercial courts act,Awareness,0,1,0,3
recovery suits,Unclassified,0,1,0,2
recqarz legal notice is real or fake,Unclassified,0,1,0,2
refund law,Unclassified,0,1,0,2
rent agreement registration,Action,0,1,0,10
rental eviction notice,Unclassified,0,1,0,1
reply to notice under section 13(2) of sarfaesi act,Awareness,0,1,0,3
request for notice,Unclassified,0,1,0,10
retainer agreements lawyers in delhi,Unclassified,0,1,0,74
rltop petition format,Decision,0,1,0,7
room khali karne ka notice,Unclassified,0,1,0,3
saas agreements law firm in india,Awareness,0,1,0,26
saas agreements lawyers in india,Awareness,0,1,0,14
salary,Unclassified,0,1,0,1
sama legal notice,Unclassified,0,1,0,20
sample legal notice for recovery of money india format,Decision,0,1,0,6
sample legal notice for recovery of money india template,Decision,0,1,0,5
sample legal notice india,Decision,0,1,0,15
sample of eviction notice to tenant,Decision,0,1,0,4
sample of notice,Decision,0,1,0,1
sample plaint for recovery of money,Decision,0,1,0,4
sample recovery,Decision,0,1,0,1
santosh vakil,Action,0,1,0,2
sarfaesi act pdf,Awareness,0,1,0,2
search engine optimization lawyers,Unclassified,0,1,0,13
sec 138 ni act notice format,Decision,0,1,0,7
section 101 of cooperative societies act,Awareness,0,1,0,3
section 115 bns,Awareness,0,1,0,3
section 138,Awareness,0,1,0,1
section 2(1)(d) of consumer protection act,Awareness,0,1,0,3
section 25 legal notice for loan,Awareness,0,1,0,2
section 33(1) of industrial dispute act,Awareness,0,1,0,5
section 34 of specific relief act limitation period,Awareness,0,1,0,3
section 340 2 bns,Awareness,0,1,0,3
section 35 1 c of consumer protection act 2019,Awareness,0,1,0,3
section 35 consumer protection act,Awareness,0,1,0,3
section 356 in bns,Awareness,0,1,0,1
section 356 of the bns,Awareness,0,1,0,2
section 365 ipc in bns,Awareness,0,1,0,3
section 38 consumer protection act 2019,Awareness,0,1,0,5
section 38(8) of consumer protection act,Awareness,0,1,0,3
section 38(9) of consumer protection act,Awareness,0,1,0,4
section 40 of specific relief act,Awareness,0,1,0,4
section 499 ipc in bns,Awareness,0,1,0,1
section 69 cgst act,Awareness,0,1,0,3
section 80 cpc is mandatory,Awareness,0,1,0,3
section 9 ka case kitne din chalta hai,Awareness,0,1,0,2
section for defamation in bharatiya nyaya sanhita 2023,Unclassified,0,1,0,10
section for recovery of money,Unclassified,0,1,0,1
section under bns,Awareness,0,1,0,3
security cheque bounce case in hindi,Unclassified,0,1,0,3
send legal,Action,0,1,0,6
serve legal notice,Unclassified,0,1,0,1
settlement agreements lawyers in delhi,Unclassified,0,1,0,93
settlement agreements lawyers in india,Awareness,0,1,0,12
share a draft,Action,0,1,0,2
shop trade license,Unclassified,0,1,0,1
siliguri advocate contact number,Action,0,1,0,81
simple eviction notice template,Decision,0,1,0,8
sir notice me kya document lagta hai,Unclassified,0,1,0,1
specific performance of agreement to sell,Unclassified,0,1,0,1
staffing company contract agreement,Unclassified,0,1,0,41
success rate of legal notice in consumer disputes india furniture cases,Unclassified,0,1,0,2
suing for defamation,Unclassified,0,1,0,1
suit for eviction,Unclassified,0,1,0,3
suit for recovery,Unclassified,0,1,0,3
suit for recovery format,Decision,0,1,0,6
suit for recovery of damages format,Decision,0,1,0,1
suit for recovery of money draft pdf,Action,0,1,0,6
suit for recovery of money under which section of cpc,Decision,0,1,0,2
suit for recovery of possession of immovable property format,Decision,0,1,0,10
supreme court guidelines on friendly loan,Unclassified,0,1,0,8
supreme court vakil fees,Action,0,1,0,12
supreme court.nic.in,Unclassified,0,1,0,2
supremecourt.gov india,Unclassified,0,1,0,2
talaq notice format in hindi,Decision,0,1,0,2
tenant,Unclassified,0,1,0,1
tenant eviction notice,Unclassified,0,1,0,1
tenant notice,Unclassified,0,1,0,5
tier 3 law firms in bangalore,Unclassified,0,1,0,1
time for response to legal notice in consumer disputes india,Unclassified,0,1,0,11
time limit for response to legal notice under consumer protection act 2019 india,Awareness,0,1,0,9
time limit to reply legal notice,Awareness,0,1,0,3
timeline for legal notice response in consumer disputes india,Unclassified,0,1,0,6
timelines for legal notice in consumer disputes india,Unclassified,0,1,0,15
timelines for legal notice response in consumer disputes india,Unclassified,0,1,0,10
to tenant,Unclassified,0,1,0,12
top 3 lawyers in india,Decision,0,1,0,8
top 5 lawyers,Decision,0,1,0,4
top corporate law firms in india,Decision,0,1,0,19
top rated divorce lawyer near me,Action,0,1,0,9
top technology law firm in india,Decision,0,1,0,2
trade license cost,Action,0,1,0,1
trade license gurgaon,Unclassified,0,1,0,59
travel agency legal requirements,Unclassified,0,1,0,1
types of defamation cases,Unclassified,0,1,0,3
uber email address south africa,Unclassified,0,1,0,2
udit sharma and associates legal notice,Unclassified,0,1,0,2
unpaid debt,Unclassified,0,1,0,3
urgent recovery order,Unclassified,0,1,0,1
vakeel saab legal tech,Unclassified,0,1,0,10
vakil -site:youtube.com -site:reddit.com -site:x.com -site:linkedin.com -site:netflix.com -site:dailymotion.com -site:espn.com -site:shutterstock.com -site:britannica.com -site:istockphoto.com -site:genius.com -site:cbsnews.com -site:bbc.com -site:unsplash.com -site:people.com -site:foxsports.com -site:cosmopolitan.com -site:goodhousekeeping.com -site:nytimes.com -site:cnn.com,Action,0,1,0,7
vakil 2,Action,0,1,0,8
vakil adda,Action,0,1,0,11
vakil advocate latest,Action,0,1,0,5
vakil das,Action,0,1,0,6
vakil design,Action,0,1,0,7
vakil dost,Action,0,1,0,1
vakil dwara,Action,0,1,0,10
vakil form,Action,0,1,0,1
vakil husband,Action,0,1,0,14
vakil in gujarati,Action,0,1,0,2
vakil ka,Action,0,1,0,1
vakil ka phone number,Action,0,1,0,1
vakil ki complaint kahan karen,Action,0,1,0,2
vakil ki fees kitni hoti hai,Action,0,1,0,3
vakil ki salary,Action,0,1,0,3
vakil ki spelling,Action,0,1,0,2
vakil kumar,Action,0,1,0,1
vakil kya karta hai,Action,0,1,0,2
vakil law,Action,0,1,0,7
vakil law chambers,Action,0,1,0,45
vakil lucknow latest,Action,0,1,0,19
vakil near me,Action,0,1,0,19
vakil sahiba,Action,0,1,0,1
vakil se,Action,0,1,0,13
vakil the,Action,0,1,0,1
vakil toll,Action,0,1,0,20
vakil vetted,Action,0,1,0,43
vakil video,Action,0,1,0,9
vakil.ai,Action,0,1,0,39
vakil.ir,Action,0,1,0,6
vakile,Unclassified,0,1,0,11
vakile vakile vakile,Unclassified,0,1,0,1
vakilno1.com website,Unclassified,0,1,0,15
vakilon,Unclassified,0,1,0,7
vakilsearch advocate registration,Action,0,1,0,3
vakilsearch lawyer registration,Action,0,1,0,1
valid legal request,Unclassified,0,1,0,10
virtual vakil.com,Action,0,1,0,7
wealth recovery lawyers,Unclassified,0,1,0,79
what are the chances of recovery,Awareness,0,1,0,2
what does a legal notice mean,Awareness,0,1,0,3
what is a legal notice letter,Awareness,0,1,0,3
what is lawyer notice,Action,0,1,0,1
what is legal action for debt,Awareness,0,1,0,1
what is legal recovery,Awareness,0,1,0,1
what is mental harassment case,Awareness,0,1,0,1
what is money recovery suit,Awareness,0,1,0,1
what is municipal trade license,Awareness,0,1,0,5
what is notice of motion,Awareness,0,1,0,2
what is section 138,Awareness,0,1,0,3
what is section 25 notice,Awareness,0,1,0,3
what is section 356,Awareness,0,1,0,1
what is the punishment for defamation case,Awareness,0,1,0,2
what is the punishment for money cheating case in india,Awareness,0,1,0,3
what to do when you receive legal notice,Awareness,0,1,0,3
whatsapp legal notice,Unclassified,0,1,0,3
"when can a creditor initiate legal action against the debtor? 1 point when the debtor has means and ways to pay but does not make payment obtain instructions from bank obtain consent from bank after all 3 are fulfilled, an agent can initiate legal action",Awareness,0,1,0,1
where can i apply for divorce,Action,0,1,0,9
where to complaint if someone is not returning money,Unclassified,0,1,0,1
where to get eviction notice,Unclassified,0,1,0,1
whether directors are necessary party in suit for recovery from company,Unclassified,0,1,0,3
who delivers eviction notices,Awareness,0,1,0,5
will drafting lawyer,Action,0,1,0,1
women harassment complaint,Unclassified,0,1,0,1
workplace mental harassment act,Awareness,0,1,0,1
written agreement,Unclassified,0,1,0,2
written arguments in 138 ni act format,Decision,0,1,0,9
written statement in suit for recovery of money format,Decision,0,1,0,18
wrongful termination,Unclassified,0,1,0,1
www.supreme court of india,Unclassified,0,1,0,3
yes please draft it,Action,0,1,0,3
yourvakil,Unclassified,0,1,0,12
zepto escalation,Unclassified,0,1,0,10
zomato,Unclassified,0,1,0,14
शिवीगाळ करणे कलम bns,Awareness,0,1,0,12
